start_dt,stop_dt,duration,depth,scramble,is_solved,solve_steps,sol_len_naive,sol_len_bfs,tree_depth_max,tree_depth_mean,solution
2020-03-09T03:26:25.153682,2020-03-09T03:26:25.181969,0.028287,1,10,1,1,1,1,1,1.0,[4]
2020-03-09T03:26:25.182343,2020-03-09T03:26:25.186532,0.004189,1,1,1,1,1,1,1,1.0,[7]
2020-03-09T03:26:25.186814,2020-03-09T03:26:25.191288,0.004474,1,0,1,1,1,1,1,1.0,[6]
2020-03-09T03:26:25.191620,2020-03-09T03:26:25.195931,0.004311,1,11,1,1,1,1,1,1.0,[5]
2020-03-09T03:26:25.196210,2020-03-09T03:26:25.198572,0.002362,1,4,1,1,1,1,1,1.0,[10]
2020-03-09T03:26:25.198858,2020-03-09T03:26:25.200136,0.001278,1,3,1,1,1,1,1,1.0,[9]
2020-03-09T03:26:25.200420,2020-03-09T03:26:25.201732,0.001312,1,3,1,1,1,1,1,1.0,[9]
2020-03-09T03:26:25.202014,2020-03-09T03:26:25.203291,0.001277,1,2,1,1,1,1,1,1.0,[8]
2020-03-09T03:26:25.203572,2020-03-09T03:26:25.204865,0.001293,1,11,1,1,1,1,1,1.0,[5]
2020-03-09T03:26:25.205143,2020-03-09T03:26:25.206426,0.001283,1,1,1,1,1,1,1,1.0,[7]
2020-03-09T03:26:25.206706,2020-03-09T03:26:25.207986,0.00128,1,10,1,1,1,1,1,1.0,[4]
2020-03-09T03:26:25.208263,2020-03-09T03:26:25.209575,0.001312,1,11,1,1,1,1,1,1.0,[5]
2020-03-09T03:26:25.209852,2020-03-09T03:26:25.211128,0.001276,1,8,1,1,1,1,1,1.0,[2]
2020-03-09T03:26:25.211402,2020-03-09T03:26:25.212695,0.001293,1,1,1,1,1,1,1,1.0,[7]
2020-03-09T03:26:25.212977,2020-03-09T03:26:25.214259,0.001282,1,9,1,1,1,1,1,1.0,[3]
2020-03-09T03:26:25.214537,2020-03-09T03:26:25.215823,0.001286,1,6,1,1,1,1,1,1.0,[0]
2020-03-09T03:26:25.216093,2020-03-09T03:26:25.217391,0.001298,1,0,1,1,1,1,1,1.0,[6]
2020-03-09T03:26:25.217673,2020-03-09T03:26:25.218951,0.001278,1,0,1,1,1,1,1,1.0,[6]
2020-03-09T03:26:25.219232,2020-03-09T03:26:25.220528,0.001296,1,1,1,1,1,1,1,1.0,[7]
2020-03-09T03:26:25.220817,2020-03-09T03:26:25.222139,0.001322,1,3,1,1,1,1,1,1.0,[9]
2020-03-09T03:26:25.232635,2020-03-09T03:26:25.241745,0.00911,2,3 8,1,2,2,2,2,1.5,"[9, 2]"
2020-03-09T03:26:25.242260,2020-03-09T03:26:25.265049,0.022789,2,0 8,1,3,2,2,2,1.6875,"[2, 6]"
2020-03-09T03:26:25.265610,2020-03-09T03:26:25.279277,0.013667,2,11 10,1,3,2,2,2,1.6875,"[4, 5]"
2020-03-09T03:26:25.279580,2020-03-09T03:26:25.293423,0.013843,2,8 6,1,3,2,2,2,1.6875,"[0, 2]"
2020-03-09T03:26:25.293700,2020-03-09T03:26:25.307348,0.013648,2,7 9,1,3,2,2,2,1.6875,"[3, 1]"
2020-03-09T03:26:25.307628,2020-03-09T03:26:25.312264,0.004636,2,0 2,1,3,2,2,2,1.6875,"[8, 6]"
2020-03-09T03:26:25.312544,2020-03-09T03:26:25.315249,0.002705,2,6 5,1,3,2,2,2,1.6875,"[11, 0]"
2020-03-09T03:26:25.315632,2020-03-09T03:26:25.318334,0.002702,2,2 3,1,3,2,2,2,1.6875,"[9, 8]"
2020-03-09T03:26:25.318721,2020-03-09T03:26:25.321412,0.002691,2,1 1,1,3,2,2,2,1.6875,"[7, 7]"
2020-03-09T03:26:25.321798,2020-03-09T03:26:25.324447,0.002649,2,1 5,1,3,2,2,2,1.6875,"[11, 7]"
2020-03-09T03:26:25.324870,2020-03-09T03:26:25.327529,0.002659,2,9 4,1,3,2,2,2,1.6875,"[10, 3]"
2020-03-09T03:26:25.327915,2020-03-09T03:26:25.330609,0.002694,2,11 7,1,3,2,2,2,1.6875,"[1, 5]"
2020-03-09T03:26:25.330890,2020-03-09T03:26:25.333576,0.002686,2,1 6,1,3,2,2,2,1.6875,"[7, 0]"
2020-03-09T03:26:25.334040,2020-03-09T03:26:25.335935,0.001895,2,8 4,1,2,2,2,2,1.5,"[10, 2]"
2020-03-09T03:26:25.336205,2020-03-09T03:26:25.338911,0.002706,2,9 5,1,3,2,2,2,1.6875,"[11, 3]"
2020-03-09T03:26:25.339297,2020-03-09T03:26:25.341984,0.002687,2,3 11,1,3,2,2,2,1.6875,"[5, 9]"
2020-03-09T03:26:25.342380,2020-03-09T03:26:25.345077,0.002697,2,0 10,1,3,2,2,2,1.6875,"[4, 6]"
2020-03-09T03:26:25.345467,2020-03-09T03:26:25.348117,0.00265,2,4 1,1,3,2,2,2,1.6875,"[7, 10]"
2020-03-09T03:26:25.348503,2020-03-09T03:26:25.351191,0.002688,2,1 6,1,3,2,2,2,1.6875,"[7, 0]"
2020-03-09T03:26:25.351573,2020-03-09T03:26:25.354261,0.002688,2,7 10,1,3,2,2,2,1.6875,"[4, 1]"
2020-03-09T03:26:25.355064,2020-03-09T03:26:25.359764,0.0047,3,2 5 5,1,5,3,3,3,2.230769230769231,"[11, 11, 8]"
2020-03-09T03:26:25.360380,2020-03-09T03:26:25.361327,0.000947,3,4 11 10,1,1,1,1,1,1.0,[5]
2020-03-09T03:26:25.361479,2020-03-09T03:26:25.366059,0.00458,3,10 1 9,1,5,3,3,3,2.230769230769231,"[3, 7, 4]"
2020-03-09T03:26:25.366678,2020-03-09T03:26:25.371298,0.00462,3,8 11 3,1,5,3,3,3,2.230769230769231,"[9, 5, 2]"
2020-03-09T03:26:25.371807,2020-03-09T03:26:25.376400,0.004593,3,6 4 11,1,5,3,3,3,2.230769230769231,"[10, 5, 0]"
2020-03-09T03:26:25.377061,2020-03-09T03:26:25.381695,0.004634,3,10 5 0,1,5,3,3,3,2.0384615384615383,"[6, 4, 11]"
2020-03-09T03:26:25.382311,2020-03-09T03:26:25.387803,0.005492,3,5 6 4,1,6,3,3,3,2.2096774193548385,"[10, 0, 11]"
2020-03-09T03:26:25.388439,2020-03-09T03:26:25.408691,0.020252,3,9 11 3,1,19,5,3,4,3.201923076923077,"[5, 11, 9, 5, 3]"
2020-03-09T03:26:25.410314,2020-03-09T03:26:25.416499,0.006185,3,11 8 8,1,5,3,3,3,2.230769230769231,"[2, 2, 5]"
2020-03-09T03:26:25.417073,2020-03-09T03:26:25.421676,0.004603,3,9 6 9,1,5,3,3,3,2.230769230769231,"[3, 0, 3]"
2020-03-09T03:26:25.422184,2020-03-09T03:26:25.425682,0.003498,3,3 2 7,1,4,3,3,3,2.261904761904762,"[1, 9, 8]"
2020-03-09T03:26:25.426153,2020-03-09T03:26:25.431720,0.005567,3,1 2 10,1,5,3,3,3,2.0384615384615383,"[4, 8, 7]"
2020-03-09T03:26:25.433011,2020-03-09T03:26:25.439858,0.006847,3,6 9 1,1,5,3,3,3,2.35,"[7, 3, 0]"
2020-03-09T03:26:25.441114,2020-03-09T03:26:25.448021,0.006907,3,9 7 8,1,5,3,3,3,2.0384615384615383,"[2, 1, 3]"
2020-03-09T03:26:25.449257,2020-03-09T03:26:25.457531,0.008274,3,0 10 11,1,6,3,3,3,2.3142857142857145,"[4, 5, 6]"
2020-03-09T03:26:25.458958,2020-03-09T03:26:25.465775,0.006817,3,4 5 1,1,5,3,3,3,2.230769230769231,"[7, 11, 10]"
2020-03-09T03:26:25.467008,2020-03-09T03:26:25.476524,0.009516,3,2 7 0,1,7,3,3,3,2.4125,"[1, 6, 8]"
2020-03-09T03:26:25.477821,2020-03-09T03:26:25.490461,0.01264,3,8 8 1,1,9,3,3,3,2.5,"[7, 2, 2]"
2020-03-09T03:26:25.492408,2020-03-09T03:26:25.498006,0.005598,3,9 2 5,1,4,3,3,3,2.0238095238095237,"[11, 8, 3]"
2020-03-09T03:26:25.499014,2020-03-09T03:26:25.507977,0.008963,3,8 0 9,1,5,3,3,3,2.230769230769231,"[3, 6, 2]"
2020-03-09T03:26:25.518140,2020-03-09T03:26:25.565203,0.047063,4,0 1 5 4,1,9,4,4,4,2.975,"[11, 10, 6, 7]"
2020-03-09T03:26:25.567424,2020-03-09T03:26:26.341640,0.774216,4,1 1 11 7,1,186,68,4,9,5.723823975720789,"[5, 7, 2, 8, 7, 2, 8, 1, 3, 9, 1, 1, 1, 7, 7, 2, 8, 9, 7, 3, 9, 7, 1, 10, 4, 2, 8, 1, 3, 3, 7, 9, 3, 3, 3, 3, 2, 8, 1, 7, 9, 9, 9, 2, 8, 7, 9, 1, 7, 9, 3, 3, 1, 10, 4, 1, 9, 5, 11, 11, 7, 1, 2, 8, 1, 5, 7, 7]"
2020-03-09T03:26:26.346573,2020-03-09T03:26:26.369915,0.023342,4,0 1 3 2,1,6,4,4,4,2.532258064516129,"[8, 9, 7, 6]"
2020-03-09T03:26:26.370613,2020-03-09T03:26:26.376082,0.005469,4,3 6 2 6,1,6,4,4,4,2.693548387096774,"[0, 8, 0, 9]"
2020-03-09T03:26:26.376683,2020-03-09T03:26:26.485825,0.109142,4,7 4 6 11,1,39,4,4,8,5.783365570599613,"[5, 0, 10, 1]"
2020-03-09T03:26:26.490834,2020-03-09T03:26:26.625459,0.134625,4,8 8 0 8,1,58,30,4,8,4.478494623655914,"[8, 6, 8, 2, 2, 8, 0, 5, 11, 2, 6, 8, 8, 2, 0, 8, 6, 0, 2, 6, 2, 2, 2, 8, 8, 0, 2, 6, 2, 2]"
2020-03-09T03:26:26.632468,2020-03-09T03:26:26.649347,0.016879,4,2 10 10 7,1,12,4,4,4,2.8114754098360657,"[1, 10, 10, 8]"
2020-03-09T03:26:26.652009,2020-03-09T03:26:26.703915,0.051906,4,9 1 1 8,1,22,4,4,6,3.8629032258064515,"[2, 1, 1, 3]"
2020-03-09T03:26:26.705390,2020-03-09T03:26:26.860548,0.155158,4,2 7 8 11,1,33,10,4,6,4.33235294117647,"[5, 1, 2, 8, 8, 2, 7, 2, 1, 8]"
2020-03-09T03:26:26.864917,2020-03-09T03:26:27.072085,0.207168,4,4 9 11 3,1,54,4,4,8,5.067581837381204,"[9, 5, 3, 10]"
2020-03-09T03:26:27.075474,2020-03-09T03:26:27.081184,0.00571,4,8 0 5 9,1,6,4,4,4,2.532258064516129,"[3, 11, 6, 2]"
2020-03-09T03:26:27.081871,2020-03-09T03:26:27.090046,0.008175,4,2 0 4 5,1,9,4,4,4,2.975,"[10, 11, 6, 8]"
2020-03-09T03:26:27.091082,2020-03-09T03:26:27.106821,0.015739,4,3 10 1 5,1,17,4,4,6,3.845528455284553,"[11, 7, 4, 9]"
2020-03-09T03:26:27.108790,2020-03-09T03:26:27.115959,0.007169,4,2 6 2 11,1,8,4,4,4,2.6707317073170733,"[5, 8, 0, 8]"
2020-03-09T03:26:27.116804,2020-03-09T03:26:27.134484,0.01768,4,11 3 4 2,1,11,4,4,4,2.725,"[8, 10, 9, 5]"
2020-03-09T03:26:27.137407,2020-03-09T03:26:27.148509,0.011102,4,7 3 3 7,1,8,4,4,4,2.426829268292683,"[1, 3, 3, 1]"
2020-03-09T03:26:27.150567,2020-03-09T03:26:27.160513,0.009946,4,3 0 10 3,1,7,4,4,4,2.75,"[9, 4, 6, 9]"
2020-03-09T03:26:27.162272,2020-03-09T03:26:27.166406,0.004134,4,1 4 5 10,1,3,2,2,2,1.6875,"[11, 7]"
2020-03-09T03:26:27.167186,2020-03-09T03:26:27.175573,0.008387,4,6 10 8 5,1,6,4,4,4,2.532258064516129,"[11, 2, 4, 0]"
2020-03-09T03:26:27.177220,2020-03-09T03:26:27.189734,0.012514,4,2 9 4 0,1,9,4,4,4,2.717391304347826,"[6, 10, 3, 8]"
2020-03-09T03:26:27.193141,2020-03-09T03:26:27.208750,0.015609,5,11 6 9 8 1,1,11,5,5,5,3.3260869565217392,"[7, 2, 3, 0, 5]"
2020-03-09T03:26:27.211868,2020-03-09T03:26:27.244257,0.032389,5,11 6 8 8 10,1,22,5,5,5,3.6041666666666665,"[4, 2, 2, 0, 5]"
2020-03-09T03:26:27.250501,2020-03-09T03:26:57.201973,29.951472,5,9 5 10 1 11,1,4400,5,5,19,11.91826919114071,"[5, 7, 11, 4, 3]"
2020-03-09T03:26:57.460522,2020-03-09T03:26:57.523696,0.063174,5,7 8 10 3 3,1,9,5,5,5,3.152173913043478,"[3, 3, 4, 2, 1]"
2020-03-09T03:26:57.524730,2020-03-09T03:26:59.099773,1.575043,5,7 8 11 1 9,1,745,7,5,13,8.342657861541886,"[2, 3, 8, 7, 5, 2, 1]"
2020-03-09T03:26:59.122722,2020-03-09T03:26:59.456436,0.333714,5,9 1 8 0 3,1,218,5,5,11,7.085168334849864,"[9, 6, 2, 7, 3]"
2020-03-09T03:26:59.472454,2020-03-09T03:26:59.490527,0.018073,5,0 4 6 6 1,1,18,5,5,6,4.402476780185759,"[0, 7, 0, 10, 6]"
2020-03-09T03:26:59.492481,2020-03-09T03:26:59.496873,0.004392,5,2 4 4 4 7,1,5,3,3,3,2.230769230769231,"[1, 4, 8]"
2020-03-09T03:26:59.497448,2020-03-09T03:26:59.524604,0.027156,5,2 6 4 6 4,1,30,5,5,5,3.458563535911602,"[10, 0, 10, 0, 8]"
2020-03-09T03:26:59.528344,2020-03-09T03:26:59.536520,0.008176,5,2 4 0 5 9,1,9,5,5,5,3.260869565217391,"[3, 11, 6, 10, 8]"
2020-03-09T03:26:59.537536,2020-03-09T03:26:59.754078,0.216542,5,6 10 9 2 4,1,153,41,5,11,5.377859477124183,"[3, 8, 2, 0, 6, 9, 8, 3, 4, 9, 3, 1, 7, 0, 6, 6, 0, 10, 9, 6, 6, 0, 0, 2, 6, 0, 0, 6, 2, 8, 7, 1, 4, 10, 11, 5, 10, 8, 3, 4, 0]"
2020-03-09T03:26:59.770200,2020-03-09T03:26:59.781372,0.011172,5,2 10 9 0 9,1,12,5,5,5,3.139344262295082,"[3, 6, 3, 4, 8]"
2020-03-09T03:26:59.782636,2020-03-09T03:26:59.787010,0.004374,5,6 1 0 1 4,1,5,3,3,3,2.230769230769231,"[10, 7, 7]"
2020-03-09T03:26:59.787492,2020-03-09T03:26:59.806273,0.018781,5,11 8 8 9 11,1,21,5,5,5,3.1638655462184873,"[5, 2, 2, 3, 5]"
2020-03-09T03:26:59.808767,2020-03-09T03:26:59.864296,0.055529,5,8 5 0 7 4,1,49,5,5,8,5.054098360655738,"[10, 1, 6, 11, 2]"
2020-03-09T03:26:59.867155,2020-03-09T03:26:59.996874,0.129719,5,1 10 2 11 3,1,113,5,5,8,5.568985849056604,"[9, 5, 8, 4, 7]"
2020-03-09T03:27:00.005575,2020-03-09T03:27:00.011415,0.00584,5,2 10 11 4 9,1,6,3,3,3,2.2096774193548385,"[3, 5, 8]"
2020-03-09T03:27:00.012110,2020-03-09T03:27:00.035824,0.023714,5,10 2 5 1 3,1,14,5,5,5,3.453333333333333,"[9, 7, 11, 8, 4]"
2020-03-09T03:27:00.039466,2020-03-09T03:27:02.175092,2.135626,5,8 6 6 9 2,1,574,29,5,12,6.7669181152290365,"[3, 0, 0, 2, 2, 8, 8, 4, 10, 6, 8, 2, 4, 10, 2, 8, 6, 6, 6, 8, 2, 0, 2, 8, 0, 8, 0, 0, 2]"
2020-03-09T03:27:02.199640,2020-03-09T03:27:02.207361,0.007721,5,9 8 3 11 6,1,5,3,3,3,2.230769230769231,"[0, 5, 2]"
2020-03-09T03:27:02.208817,2020-03-09T03:27:02.228315,0.019498,6,0 3 7 6 1 3,1,18,12,4,6,4.300653594771242,"[9, 9, 6, 0, 2, 8, 0, 6, 3, 0, 9, 6]"
2020-03-09T03:27:02.230237,2020-03-09T03:29:10.447663,128.217426,6,6 5 8 10 2 7,1,17825,136,6,24,14.35162812071291,"[1, 11, 4, 0, 2, 2, 8, 8, 8, 2, 6, 2, 0, 2, 2, 2, 2, 6, 8, 8, 2, 6, 6, 6, 1, 7, 9, 2, 3, 0, 6, 6, 0, 11, 5, 5, 11, 1, 7, 3, 9, 9, 2, 3, 2, 8, 9, 8, 8, 3, 5, 11, 7, 1, 0, 2, 8, 0, 0, 10, 0, 2, 8, 8, 2, 6, 6, 0, 8, 2, 2, 8, 9, 8, 2, 2, 8, 3, 7, 1, 1, 4, 0, 7, 8, 2, 2, 8, 1, 2, 8, 1, 7, 11, 5, 5, 11, 8, 2, 6, 7, 0, 6, 8, 2, 1, 8, 2, 1, 0, 1, 1, 9, 3, 4, 10, 3, 9, 7, 2, 8, 7, 2, 8, 8, 2, 6, 7, 10, 7, 5, 8, 4, 2, 11, 0]"
2020-03-09T03:29:11.881378,2020-03-09T03:29:12.512173,0.630795,6,5 4 3 10 6 2,1,164,56,6,11,6.342485549132948,"[8, 0, 11, 1, 7, 7, 1, 9, 3, 5, 9, 11, 3, 9, 4, 10, 2, 8, 6, 3, 0, 9, 3, 2, 8, 1, 7, 5, 11, 3, 9, 8, 2, 11, 5, 6, 9, 0, 10, 4, 9, 3, 0, 6, 7, 1, 8, 2, 5, 3, 0, 6, 4, 9, 11, 10]"
2020-03-09T03:29:12.522365,2020-03-09T03:29:16.404331,3.881966,6,1 0 0 1 8 4,1,1220,6,6,14,9.030556198316912,"[10, 2, 7, 6, 6, 7]"
2020-03-09T03:29:16.611781,2020-03-09T03:30:10.832778,54.220997,6,5 5 8 6 8 5,1,11436,6,6,24,11.344762584701712,"[11, 2, 0, 2, 11, 11]"
2020-03-09T03:30:11.432407,2020-03-09T03:30:11.713194,0.280787,6,0 4 0 3 2 5,1,48,10,6,6,3.8637873754152823,"[8, 8, 2, 2, 11, 9, 8, 6, 10, 6]"
2020-03-09T03:30:11.720040,2020-03-09T03:30:14.939971,3.219931,6,0 0 9 0 0 4,1,655,78,6,12,6.484047139982754,"[10, 3, 0, 6, 6, 0, 2, 8, 9, 10, 4, 2, 8, 0, 3, 6, 9, 3, 0, 0, 6, 9, 6, 9, 3, 8, 2, 4, 3, 9, 4, 10, 0, 6, 7, 10, 1, 7, 2, 8, 8, 2, 0, 6, 9, 3, 6, 0, 3, 9, 11, 5, 7, 1, 5, 11, 4, 1, 2, 8, 8, 2, 6, 0, 9, 3, 1, 7, 5, 11, 11, 5, 10, 6, 6, 3, 6, 6]"
2020-03-09T03:30:14.994507,2020-03-09T03:30:35.308294,20.313787,6,4 9 5 6 1 10,1,5513,6,6,16,9.792187541647786,"[4, 0, 7, 11, 3, 10]"
2020-03-09T03:30:35.622512,2020-03-09T03:31:08.123363,32.500851,6,7 6 2 10 8 3,1,6201,6,6,19,10.848933241569167,"[9, 2, 4, 8, 1, 0]"
2020-03-09T03:31:08.294567,2020-03-09T03:31:08.500304,0.205737,6,8 6 9 2 9 7,1,73,16,6,8,5.180373185901866,"[1, 3, 3, 0, 2, 2, 2, 2, 8, 8, 8, 8, 6, 8, 0, 2]"
2020-03-09T03:31:08.511066,2020-03-09T03:34:07.060215,178.549149,6,4 3 11 2 11 8,1,22508,6,6,24,12.539104070356466,"[2, 5, 8, 5, 9, 10]"
2020-03-09T03:34:08.501862,2020-03-09T03:34:11.731174,3.229312,6,5 7 7 6 2 10,1,867,6,6,14,8.42019336008756,"[4, 8, 7, 0, 7, 11]"
2020-03-09T03:34:11.826518,2020-03-09T03:35:20.554405,68.727887,6,11 1 0 9 11 6,1,18171,6,6,21,13.322782101697513,"[0, 5, 3, 7, 6, 5]"
2020-03-09T03:35:22.563187,2020-03-09T03:35:22.895775,0.332588,6,8 7 2 2 0 3,1,50,22,6,8,6.182992465016146,"[9, 6, 1, 2, 2, 2, 8, 8, 8, 8, 2, 7, 8, 1, 2, 8, 7, 2, 2, 2, 1, 2]"
2020-03-09T03:35:22.901509,2020-03-09T03:35:22.962117,0.060608,6,9 6 10 5 10 7,1,62,6,6,7,4.8948170731707314,"[1, 4, 11, 4, 0, 3]"
2020-03-09T03:35:22.971866,2020-03-09T03:35:25.657148,2.685282,6,3 6 3 2 7 0,1,756,6,6,13,8.639519554709242,"[1, 6, 9, 8, 0, 9]"
2020-03-09T03:35:25.754372,2020-03-09T03:35:26.203705,0.449333,6,7 6 9 7 5 0,1,124,6,6,8,4.958279845956354,"[6, 11, 1, 3, 1, 0]"
2020-03-09T03:35:26.234917,2020-03-09T03:35:26.364979,0.130062,6,7 0 10 7 6 5,1,85,46,6,8,5.507120253164557,"[11, 1, 4, 1, 9, 3, 2, 8, 3, 9, 6, 0, 0, 6, 10, 4, 5, 11, 1, 7, 4, 10, 8, 2, 7, 9, 3, 10, 1, 6, 0, 4, 2, 8, 3, 9, 10, 0, 6, 7, 9, 3, 0, 4, 1, 6]"
2020-03-09T03:35:26.372121,2020-03-09T03:35:27.420358,1.048237,6,8 1 10 7 0 0,1,280,88,6,11,7.730101073910297,"[0, 0, 4, 2, 7, 2, 1, 8, 2, 2, 8, 1, 7, 4, 10, 7, 2, 8, 8, 1, 2, 8, 1, 1, 1, 7, 7, 2, 8, 7, 8, 7, 2, 1, 2, 8, 8, 2, 0, 6, 5, 11, 9, 3, 6, 0, 7, 2, 8, 0, 6, 8, 1, 8, 2, 4, 2, 2, 10, 2, 8, 8, 2, 4, 8, 10, 2, 2, 8, 8, 7, 1, 8, 2, 0, 2, 8, 6, 4, 8, 10, 10, 2, 8, 1, 4, 7, 2]"
2020-03-09T03:35:27.437551,2020-03-09T03:35:27.807701,0.37015,6,7 9 1 9 6 9,1,93,16,6,8,5.012903225806451,"[9, 11, 11, 11, 11, 3, 3, 0, 3, 3, 1, 7, 9, 7, 3, 1]"
2020-03-09T03:35:27.818322,2020-03-09T03:35:52.163100,24.344778,7,2 2 6 9 10 9 4,1,5882,7,7,22,11.019091320662058,"[10, 3, 4, 3, 0, 2, 2]"
2020-03-09T03:35:53.553390,2020-03-09T03:35:53.610845,0.057455,7,6 6 1 0 5 1 4,1,10,5,5,5,3.225,"[10, 7, 11, 7, 0]"
2020-03-09T03:35:53.613858,2020-03-09T03:41:53.150867,359.537009,7,8 0 8 6 2 6 11,0,30001,-1,-1,26,15.3450911232299,
2020-03-09T03:41:55.304679,2020-03-09T03:44:36.186405,160.881726,7,5 5 0 3 5 3 3,1,22353,321,7,21,11.552376961635282,"[3, 6, 11, 11, 2, 8, 11, 2, 8, 5, 0, 6, 5, 9, 3, 2, 8, 1, 7, 5, 6, 0, 5, 8, 2, 0, 5, 6, 5, 9, 3, 0, 0, 6, 6, 2, 8, 6, 9, 3, 0, 5, 11, 8, 2, 3, 9, 11, 0, 5, 6, 5, 2, 8, 5, 2, 5, 11, 8, 11, 11, 2, 8, 11, 11, 1, 2, 8, 7, 5, 5, 9, 3, 6, 0, 0, 2, 8, 11, 11, 2, 8, 6, 11, 8, 5, 2, 0, 6, 6, 0, 2, 8, 11, 5, 5, 11, 8, 6, 0, 8, 2, 5, 2, 11, 2, 8, 8, 2, 6, 0, 0, 6, 5, 8, 11, 11, 2, 2, 5, 2, 2, 2, 2, 8, 0, 2, 2, 8, 8, 6, 8, 8, 0, 2, 8, 6, 8, 11, 2, 8, 8, 0, 11, 6, 11, 2, 8, 11, 5, 5, 5, 5, 2, 0, 6, 8, 6, 0, 8, 2, 11, 11, 3, 9, 2, 8, 1, 7, 9, 3, 6, 0, 7, 1, 8, 7, 1, 2, 0, 11, 6, 0, 2, 8, 5, 3, 9, 2, 8, 1, 6, 2, 3, 9, 8, 3, 9, 5, 7, 11, 9, 3, 3, 9, 2, 8, 0, 6, 1, 7, 11, 5, 5, 1, 2, 8, 11, 11, 7, 11, 11, 5, 1, 2, 8, 7, 5, 5, 5, 2, 8, 3, 9, 11, 11, 2, 8, 1, 5, 6, 7, 11, 0, 2, 8, 5, 2, 8, 3, 1, 2, 0, 6, 8, 9, 2, 0, 6, 11, 5, 8, 3, 7, 2, 1, 9, 3, 7, 8, 9, 11, 6, 2, 8, 9, 3, 8, 2, 11, 0, 2, 8, 5, 11, 8, 2, 6, 5, 5, 1, 0, 0, 7, 5, 5, 6, 8, 2, 11, 11, 5, 5, 2, 8, 5, 5, 11, 11, 0, 11, 2, 8, 3, 11, 11, 5, 9, 6, 5, 5]"
2020-03-09T03:44:37.482242,2020-03-09T03:44:40.367815,2.885573,7,7 4 1 2 5 1 2,1,665,19,7,11,7.01810846312629,"[8, 7, 11, 8, 10, 9, 3, 2, 8, 3, 9, 1, 7, 7, 1, 4, 7, 10, 1]"
2020-03-09T03:44:40.504961,2020-03-09T03:48:34.146545,233.641584,7,0 7 3 8 4 8 10,0,30001,-1,-1,26,14.686092147087152,
2020-03-09T03:48:40.163884,2020-03-09T03:48:51.827408,11.663524,7,2 5 5 5 7 4 1,1,2606,5,5,16,9.324916715962514,"[7, 10, 1, 5, 8]"
2020-03-09T03:48:51.906040,2020-03-09T03:49:06.462843,14.556803,7,1 9 1 11 6 10 2,1,10177,7,7,19,10.734316584083144,"[8, 4, 0, 5, 7, 3, 7]"
2020-03-09T03:49:07.625988,2020-03-09T03:49:40.254536,32.628548,7,8 8 1 10 10 3 7,1,11700,7,7,20,11.336536424468424,"[1, 9, 10, 10, 7, 2, 2]"
2020-03-09T03:49:41.035746,2020-03-09T03:49:41.262191,0.226445,7,3 4 2 1 11 1 2,1,154,11,7,10,5.38682205289108,"[1, 1, 1, 1, 8, 7, 5, 7, 8, 10, 9]"
2020-03-09T03:49:41.287323,2020-03-09T03:51:20.596762,99.309439,7,6 9 5 1 11 0 7,0,30001,-1,-1,21,11.759853485558205,
2020-03-09T03:51:21.561766,2020-03-09T03:53:02.802524,101.240758,7,5 8 3 5 2 5 8,0,30001,-1,-1,23,12.308315841639422,
2020-03-09T03:53:03.976632,2020-03-09T03:53:05.593476,1.616844,7,5 2 6 5 4 6 6,1,971,7,7,14,7.984864391951006,"[6, 6, 11, 10, 0, 8, 11]"
2020-03-09T03:53:05.687351,2020-03-09T03:54:27.020732,81.333381,7,10 0 10 6 3 3 1,1,21631,133,7,21,11.715773086620588,"[7, 3, 3, 4, 4, 9, 3, 1, 7, 2, 8, 6, 0, 7, 1, 3, 9, 0, 6, 10, 9, 4, 3, 2, 8, 9, 2, 3, 2, 2, 2, 6, 0, 7, 1, 3, 9, 1, 7, 0, 6, 10, 4, 11, 5, 8, 6, 0, 8, 8, 1, 7, 0, 6, 9, 8, 9, 9, 2, 9, 3, 8, 1, 7, 0, 6, 5, 11, 6, 0, 3, 3, 7, 1, 6, 0, 10, 3, 3, 9, 6, 0, 2, 8, 0, 4, 6, 9, 3, 1, 7, 2, 8, 4, 10, 0, 2, 8, 1, 6, 9, 3, 2, 8, 3, 9, 0, 7, 9, 3, 0, 6, 3, 9, 4, 10, 10, 6, 8, 2, 10, 10, 10, 4, 2, 8, 9, 3, 4, 0, 4, 6, 4]"
2020-03-09T03:54:28.177852,2020-03-09T03:54:31.257847,3.079995,7,7 11 3 3 10 2 0,1,1894,7,7,17,10.023675454312771,"[6, 8, 4, 3, 3, 5, 1]"
2020-03-09T03:54:31.450336,2020-03-09T03:54:31.463136,0.0128,7,5 1 0 1 1 1 4,1,5,3,3,3,2.230769230769231,"[10, 6, 11]"
2020-03-09T03:54:31.463630,2020-03-09T03:54:42.103553,10.639923,7,2 6 5 7 9 7 2,1,6638,7,7,18,10.304676553543809,"[8, 1, 3, 1, 11, 0, 8]"
2020-03-09T03:54:42.576335,2020-03-09T03:54:42.623026,0.046691,7,9 2 3 0 1 3 2,1,12,5,5,5,3.8010204081632653,"[9, 8, 7, 6, 8]"
2020-03-09T03:54:42.624772,2020-03-09T03:54:42.874060,0.249288,7,11 9 11 10 3 0 11,1,234,9,7,10,5.945551128818061,"[5, 3, 9, 6, 9, 4, 5, 3, 5]"
2020-03-09T03:54:42.907364,2020-03-09T03:54:46.402248,3.494884,7,6 10 6 7 6 8 4,1,1415,7,7,18,10.9816555976502,"[10, 2, 6, 1, 6, 4, 0]"
2020-03-09T03:54:46.595675,2020-03-09T03:55:20.552722,33.957047,8,3 10 8 7 11 1 9 1,1,17723,10,8,19,11.103002483469846,"[3, 9, 7, 3, 7, 5, 1, 2, 4, 9]"
2020-03-09T03:55:22.965893,2020-03-09T03:56:24.045305,61.079412,8,11 9 7 0 2 11 6 3,0,30001,-1,-1,22,13.293531855960579,
2020-03-09T03:56:26.816448,2020-03-09T03:56:33.517887,6.701439,8,4 1 6 9 1 1 6 5,1,2637,196,8,17,11.185941812327506,"[11, 0, 1, 0, 2, 8, 10, 3, 0, 2, 3, 9, 9, 3, 7, 1, 6, 9, 3, 0, 5, 11, 2, 2, 2, 6, 9, 2, 8, 9, 3, 4, 9, 3, 4, 10, 3, 9, 6, 10, 3, 0, 2, 8, 9, 3, 3, 9, 7, 1, 4, 10, 6, 9, 0, 2, 3, 9, 8, 3, 2, 0, 6, 8, 9, 6, 9, 0, 3, 3, 9, 2, 3, 9, 8, 6, 0, 4, 9, 3, 3, 9, 2, 8, 10, 9, 6, 3, 4, 3, 0, 10, 3, 9, 6, 3, 0, 2, 8, 9, 3, 1, 7, 3, 9, 8, 2, 10, 4, 7, 1, 6, 9, 0, 4, 2, 10, 4, 8, 4, 2, 8, 10, 7, 10, 1, 4, 10, 2, 8, 6, 0, 10, 4, 0, 6, 7, 2, 8, 8, 2, 6, 1, 4, 10, 2, 8, 10, 4, 3, 9, 9, 3, 6, 6, 2, 8, 4, 10, 0, 0, 7, 0, 4, 1, 9, 10, 3, 9, 9, 3, 2, 3, 8, 0, 3, 9, 6, 2, 9, 8, 6, 0, 4, 3, 3, 9, 1, 7, 6, 9, 1, 3, 0, 7, 10]"
2020-03-09T03:56:33.899958,2020-03-09T03:56:35.727682,1.827724,8,7 0 0 1 8 7 2 2,1,1037,6,6,12,7.899323142094116,"[2, 2, 1, 2, 6, 6]"
2020-03-09T03:56:35.834942,2020-03-09T03:58:23.293092,107.45815,8,1 8 1 1 4 4 7 3,0,30001,-1,-1,22,13.539558524859254,
2020-03-09T03:58:27.102719,2020-03-09T03:59:29.675286,62.572567,8,6 4 9 9 10 1 11 7,0,30001,-1,-1,22,13.529813688080019,
2020-03-09T03:59:30.894135,2020-03-09T03:59:40.525098,9.630963,8,11 6 10 7 11 0 5 4,1,6532,14,8,14,8.748553000671645,"[2, 3, 9, 8, 10, 11, 6, 8, 2, 5, 1, 4, 0, 5]"
2020-03-09T03:59:41.784772,2020-03-09T03:59:44.654197,2.869425,8,3 6 11 2 9 9 2 5,1,2060,8,8,15,8.919443864307665,"[11, 2, 3, 2, 3, 5, 0, 9]"
2020-03-09T03:59:45.206697,2020-03-09T04:00:50.695896,65.489199,8,3 8 1 8 0 10 5 9,0,30001,-1,-1,23,11.974601536047567,
2020-03-09T04:00:51.802456,2020-03-09T04:02:39.017570,107.215114,8,11 2 6 3 3 0 9 10,0,30001,-1,-1,24,13.145937780706362,
2020-03-09T04:02:40.758621,2020-03-09T04:02:41.203908,0.445287,8,10 11 6 9 4 2 9 8,1,142,52,6,9,6.24625340599455,"[3, 3, 5, 2, 8, 1, 3, 9, 7, 8, 2, 9, 3, 0, 6, 11, 0, 5, 1, 7, 2, 8, 6, 0, 9, 3, 4, 10, 10, 4, 0, 6, 7, 1, 3, 9, 8, 2, 5, 11, 11, 6, 1, 7, 9, 7, 1, 10, 3, 0, 4, 5]"
2020-03-09T04:02:41.221777,2020-03-09T04:03:50.772341,69.550564,8,2 4 2 3 8 11 9 11,1,11549,6,6,22,12.878428075894492,"[5, 3, 5, 9, 10, 8]"
2020-03-09T04:03:51.894529,2020-03-09T04:04:45.672621,53.778092,8,2 4 7 7 3 5 7 5,1,28287,8,8,22,11.781109484632006,"[11, 1, 11, 9, 7, 7, 10, 8]"
2020-03-09T04:04:49.737966,2020-03-09T04:05:20.644911,30.906945,8,9 6 7 10 6 11 2 10,1,17407,10,8,20,10.989054445797978,"[4, 8, 5, 0, 0, 6, 4, 1, 0, 3]"
2020-03-09T04:05:22.207239,2020-03-09T04:07:20.608513,118.401274,8,9 7 5 1 8 5 9 5,0,30001,-1,-1,25,12.855494633568874,
2020-03-09T04:07:23.482826,2020-03-09T04:07:27.960308,4.477482,8,1 1 3 11 4 8 3 1,1,2556,8,8,15,9.423765085126844,"[7, 2, 9, 5, 10, 9, 1, 1]"
2020-03-09T04:07:28.268082,2020-03-09T04:08:31.389109,63.121027,8,9 10 2 1 9 1 5 9,0,30001,-1,-1,23,11.597643108891376,
2020-03-09T04:08:32.543941,2020-03-09T04:08:32.738260,0.194319,8,11 4 4 5 4 1 3 1,1,6,4,4,4,2.693548387096774,"[7, 9, 7, 4]"
2020-03-09T04:08:32.739329,2020-03-09T04:09:53.899241,81.159912,8,8 0 3 8 1 0 3 5,0,30001,-1,-1,24,14.318290443950714,
2020-03-09T04:09:56.638288,2020-03-09T04:09:59.934610,3.296322,8,6 4 2 9 5 7 9 2,1,1918,8,8,15,9.618277514775501,"[3, 8, 1, 11, 3, 8, 10, 0]"
2020-03-09T04:10:00.350552,2020-03-09T04:11:54.416975,114.066423,9,1 9 4 0 0 7 0 10 8,1,25888,183,7,22,13.21617438262319,"[2, 0, 2, 8, 3, 7, 9, 3, 0, 6, 5, 9, 11, 6, 0, 2, 8, 0, 6, 8, 2, 1, 7, 9, 3, 5, 6, 0, 2, 8, 0, 6, 10, 4, 8, 2, 3, 0, 6, 1, 0, 6, 7, 2, 8, 11, 2, 8, 6, 0, 1, 2, 8, 0, 6, 6, 0, 4, 10, 8, 2, 9, 6, 7, 0, 1, 7, 6, 9, 3, 1, 2, 8, 4, 0, 10, 3, 7, 9, 3, 5, 9, 11, 2, 8, 1, 7, 0, 6, 10, 4, 9, 3, 11, 5, 5, 2, 8, 3, 2, 9, 11, 8, 2, 9, 3, 5, 0, 6, 3, 8, 11, 2, 8, 1, 2, 8, 9, 2, 8, 7, 1, 1, 7, 9, 3, 6, 0, 11, 5, 8, 2, 5, 11, 0, 6, 10, 4, 4, 2, 3, 8, 10, 7, 0, 6, 9, 3, 2, 8, 1, 0, 7, 2, 8, 1, 6, 2, 8, 4, 2, 2, 8, 10, 4, 0, 6, 4, 10, 9, 8, 3, 7, 1, 8, 2, 9, 8, 2, 1, 10, 3, 7]"
2020-03-09T04:11:55.560463,2020-03-09T04:13:11.145189,75.584726,9,8 11 4 6 10 11 1 2 6,0,30001,-1,-1,21,11.69137891960441,
2020-03-09T04:13:12.135805,2020-03-09T04:14:39.212587,87.076782,9,3 10 10 10 7 4 7 7 7,1,11957,5,5,20,10.910092554815463,"[7, 10, 1, 10, 9]"
2020-03-09T04:14:39.632917,2020-03-09T04:14:52.204132,12.571215,9,5 0 1 6 8 7 2 7 7,1,2985,123,7,17,9.333488709343277,"[1, 11, 1, 5, 11, 2, 8, 6, 0, 11, 11, 11, 2, 8, 7, 1, 5, 2, 8, 5, 5, 7, 6, 1, 2, 8, 5, 11, 11, 5, 7, 0, 9, 3, 0, 6, 5, 1, 11, 2, 8, 6, 2, 0, 2, 8, 8, 2, 1, 7, 5, 11, 9, 3, 10, 4, 0, 6, 6, 8, 0, 5, 2, 2, 11, 2, 2, 2, 2, 8, 8, 8, 0, 2, 2, 8, 8, 6, 8, 5, 2, 11, 2, 2, 8, 0, 2, 8, 6, 8, 8, 2, 6, 2, 0, 2, 2, 8, 8, 8, 2, 6, 8, 0, 5, 2, 5, 11, 7, 8, 2, 9, 3, 2, 8, 7, 7, 7, 8, 1, 2, 7, 11]"
2020-03-09T04:14:52.351675,2020-03-09T04:16:38.703991,106.352316,9,0 9 10 2 4 6 9 0 11,0,30001,-1,-1,22,13.892071502487845,
2020-03-09T04:16:40.902713,2020-03-09T04:19:16.036429,155.133716,9,1 8 11 8 0 0 11 6 11,0,30001,-1,-1,23,12.617837243557192,
2020-03-09T04:19:17.024147,2020-03-09T04:20:08.159953,51.135806,9,11 6 3 11 1 4 4 0 5,0,30001,-1,-1,20,11.256916379255623,
2020-03-09T04:20:09.224919,2020-03-09T04:21:30.624931,81.400012,9,1 3 2 3 11 3 3 10 2,0,30001,-1,-1,22,12.524723109008582,
2020-03-09T04:21:31.881979,2020-03-09T04:21:32.593654,0.711675,9,8 10 9 9 1 4 4 11 4,1,432,7,7,11,6.732440990213011,"[4, 5, 7, 3, 3, 4, 2]"
2020-03-09T04:21:32.641713,2020-03-09T04:22:54.315105,81.673392,9,11 1 1 0 5 3 6 1 11,0,30001,-1,-1,22,12.095565382908992,
2020-03-09T04:22:55.976090,2020-03-09T04:22:56.176228,0.200138,9,1 11 4 4 4 5 5 1 8,1,15,5,5,5,3.1973684210526314,"[2, 7, 4, 11, 7]"
2020-03-09T04:22:56.178471,2020-03-09T04:23:56.403303,60.224832,9,0 5 0 5 2 10 7 3 8,0,30001,-1,-1,22,12.987792100743041,
2020-03-09T04:23:58.366519,2020-03-09T04:25:29.666010,91.299491,9,2 0 1 9 4 7 4 5 4,0,30001,-1,-1,23,12.360597646374583,
2020-03-09T04:25:30.905652,2020-03-09T04:26:43.098659,72.193007,9,4 0 0 10 7 10 5 6 11,0,30001,-1,-1,21,11.702981606273331,
2020-03-09T04:26:44.245865,2020-03-09T04:26:44.449356,0.203491,9,6 7 0 7 8 7 6 1 3,1,13,5,5,5,3.335714285714286,"[9, 0, 2, 7, 7]"
2020-03-09T04:26:44.451430,2020-03-09T04:29:16.997164,152.545734,9,6 2 2 11 8 6 7 8 6,0,30001,-1,-1,24,11.925275133981296,
2020-03-09T04:29:17.999863,2020-03-09T04:30:03.163283,45.16342,9,9 5 8 0 0 9 9 1 10,0,30001,-1,-1,19,11.319234680239527,
2020-03-09T04:30:04.861545,2020-03-09T04:33:46.798804,221.937259,9,11 6 3 0 9 10 5 8 4,0,30001,-1,-1,23,11.874877575391823,
2020-03-09T04:33:47.597553,2020-03-09T04:34:35.172604,47.575051,9,10 3 8 10 11 7 8 11 0,0,30001,-1,-1,21,12.21054088974262,
2020-03-09T04:34:36.953327,2020-03-09T04:36:28.568883,111.615556,9,11 7 2 1 0 5 1 3 0,0,30001,-1,-1,26,12.841775833144245,
2020-03-09T04:36:30.344016,2020-03-09T04:37:59.731413,89.387397,10,4 7 9 10 0 2 9 8 6 10,0,30001,-1,-1,20,11.682967306846503,
2020-03-09T04:38:00.770611,2020-03-09T04:38:51.452280,50.681669,10,7 9 5 3 5 0 0 10 5 8,0,30001,-1,-1,19,10.935277509445504,
2020-03-09T04:38:52.724690,2020-03-09T04:40:18.467879,85.743189,10,10 7 4 11 0 10 8 4 7 8,0,30001,-1,-1,24,12.439238570343454,
2020-03-09T04:40:20.204123,2020-03-09T04:41:28.540370,68.336247,10,3 0 11 4 11 0 11 0 11 7,0,30001,-1,-1,22,11.897300775763759,
2020-03-09T04:41:29.938963,2020-03-09T04:42:44.998382,75.059419,10,0 4 8 10 8 0 5 2 0 2,0,30001,-1,-1,22,11.476345833202386,
2020-03-09T04:42:46.034394,2020-03-09T04:42:49.083587,3.049193,10,11 6 8 1 6 7 5 9 2 3,1,1510,8,6,12,7.954510169228381,"[2, 8, 8, 11, 0, 2, 0, 5]"
2020-03-09T04:42:49.187630,2020-03-09T04:43:35.616165,46.428535,10,6 7 11 1 10 11 2 10 7 3,0,30001,-1,-1,22,11.2474501661343,
2020-03-09T04:43:37.891454,2020-03-09T04:44:38.307980,60.416526,10,9 1 1 10 10 5 8 0 3 8,0,30001,-1,-1,25,12.397206094264027,
2020-03-09T04:44:39.612651,2020-03-09T04:45:57.949467,78.336816,10,7 6 11 8 9 0 3 8 7 11,0,30001,-1,-1,25,13.56065157383209,
2020-03-09T04:45:58.925923,2020-03-09T04:47:04.977263,66.05134,10,3 2 4 0 11 3 5 7 9 7,0,30001,-1,-1,19,10.661899393078606,
2020-03-09T04:47:05.938918,2020-03-09T04:48:47.092645,101.153727,10,3 11 8 8 0 2 1 6 8 8,0,30001,-1,-1,24,13.640288430454426,
2020-03-09T04:48:48.756539,2020-03-09T04:50:06.679926,77.923387,10,4 3 5 9 0 5 3 1 4 8,0,30001,-1,-1,22,14.216620527694037,
2020-03-09T04:50:10.131392,2020-03-09T04:51:05.334561,55.203169,10,0 11 8 4 9 11 0 7 2 4,0,30001,-1,-1,22,12.460875932191374,
2020-03-09T04:51:07.903782,2020-03-09T04:52:37.817462,89.91368,10,6 7 3 6 7 8 1 1 0 11,0,30001,-1,-1,24,12.682765646172617,
2020-03-09T04:52:38.844267,2020-03-09T04:53:52.942204,74.097937,10,8 10 6 9 6 9 6 4 11 7,0,30001,-1,-1,21,12.470480306735428,
2020-03-09T04:53:54.234063,2020-03-09T04:54:58.406285,64.172222,10,1 0 10 9 7 5 1 2 3 6,0,30001,-1,-1,20,11.95445442296134,
2020-03-09T04:54:59.726946,2020-03-09T04:55:51.292365,51.565419,10,7 4 0 5 4 3 0 5 8 1,0,30001,-1,-1,20,11.946085728326663,
2020-03-09T04:55:52.905970,2020-03-09T04:57:19.347937,86.441967,10,2 6 3 0 3 6 3 8 7 4,0,30001,-1,-1,21,11.889254987395951,
2020-03-09T04:57:20.376653,2020-03-09T04:58:52.141503,91.76485,10,11 2 11 8 3 4 5 1 5 2,0,30001,-1,-1,21,12.699591077205701,
2020-03-09T04:58:53.735244,2020-03-09T04:59:50.830826,57.095582,10,4 9 6 1 8 9 0 5 0 8,0,30001,-1,-1,23,12.6465038629907,
2020-03-09T04:59:52.832415,2020-03-09T05:00:41.285918,48.453503,11,9 8 9 6 5 4 11 1 8 5 2,0,30001,-1,-1,20,11.396020475698503,
2020-03-09T05:00:42.489980,2020-03-09T05:02:20.044767,97.554787,11,2 7 9 5 6 2 7 5 7 2 7,0,30001,-1,-1,25,14.08908077148374,
2020-03-09T05:02:21.980552,2020-03-09T05:03:46.125749,84.145197,11,8 10 11 6 5 1 11 11 6 7 5,0,30001,-1,-1,25,14.89652040632238,
2020-03-09T05:03:48.589683,2020-03-09T05:06:15.400484,146.810801,11,0 11 4 7 7 10 7 5 2 0 10,0,30001,-1,-1,23,12.367286662148482,
2020-03-09T05:06:16.228471,2020-03-09T05:07:31.585600,75.357129,11,10 8 4 3 8 0 0 11 3 6 4,0,30001,-1,-1,22,12.6972809306956,
2020-03-09T05:07:33.987624,2020-03-09T05:08:30.094444,56.10682,11,0 0 3 8 1 11 11 9 9 8 6,0,30001,-1,-1,22,11.267968521623608,
2020-03-09T05:08:31.804229,2020-03-09T05:09:19.155604,47.351375,11,2 10 6 6 7 2 6 7 5 9 1,0,30001,-1,-1,21,10.942919439370636,
2020-03-09T05:09:20.250451,2020-03-09T05:10:31.730157,71.479706,11,6 2 7 11 8 9 11 9 1 1 9,0,30001,-1,-1,29,17.524827391842607,
2020-03-09T05:10:41.425015,2020-03-09T05:12:11.839662,90.414647,11,7 0 10 8 6 11 4 7 8 0 7,0,30001,-1,-1,23,13.89278052566345,
2020-03-09T05:12:13.518927,2020-03-09T05:13:12.783416,59.264489,11,5 9 8 3 8 6 9 9 6 9 11,0,30001,-1,-1,25,11.148261921110075,
2020-03-09T05:13:13.939852,2020-03-09T05:14:53.524098,99.584246,11,3 1 11 4 4 2 5 9 8 3 8,0,30001,-1,-1,22,12.777147986472695,
2020-03-09T05:14:54.933091,2020-03-09T05:16:28.146929,93.213838,11,5 2 11 10 5 10 0 1 10 7 6,0,30001,-1,-1,25,12.374291629220096,
2020-03-09T05:16:29.198562,2020-03-09T05:17:30.326302,61.12774,11,10 11 1 0 7 11 10 9 10 9 7,0,30001,-1,-1,23,14.521758718013885,
2020-03-09T05:17:33.699958,2020-03-09T05:18:26.931919,53.231961,11,2 2 9 11 7 8 6 7 6 6 10,0,30001,-1,-1,20,11.962161397849915,
2020-03-09T05:18:28.268959,2020-03-09T05:19:17.785794,49.516835,11,5 3 10 7 4 5 1 4 2 7 0,0,30001,-1,-1,21,11.572880046387107,
2020-03-09T05:19:19.037270,2020-03-09T05:20:03.234041,44.196771,11,10 8 8 1 1 10 5 0 11 10 9,0,30001,-1,-1,21,11.07496484908405,
2020-03-09T05:20:04.467423,2020-03-09T05:20:55.416121,50.948698,11,10 0 11 6 11 1 2 5 6 9 5,0,30001,-1,-1,21,13.828653073909274,
2020-03-09T05:21:00.221551,2020-03-09T05:22:21.910694,81.689143,11,3 2 7 5 1 3 3 1 2 1 8,0,30001,-1,-1,20,11.366273544554398,
2020-03-09T05:22:23.281746,2020-03-09T05:23:19.984379,56.702633,11,6 3 2 6 4 9 2 4 2 7 0,0,30001,-1,-1,26,12.949366413117417,
2020-03-09T05:23:21.518871,2020-03-09T05:24:24.174317,62.655446,11,5 6 9 4 9 6 8 3 7 10 5,0,30001,-1,-1,23,12.83813262435197,
2020-03-09T05:24:26.455010,2020-03-09T05:26:24.763477,118.308467,12,5 1 8 8 5 8 7 2 10 1 1 1,0,30001,-1,-1,28,15.39676369690005,
2020-03-09T05:26:26.961932,2020-03-09T05:27:19.533192,52.57126,12,2 6 1 3 5 6 8 5 1 1 8 7,0,30001,-1,-1,26,14.306464689619533,
2020-03-09T05:27:24.839564,2020-03-09T05:28:17.198687,52.359123,12,10 2 0 2 9 10 9 2 11 10 0 3,0,30001,-1,-1,22,14.12013074593638,
2020-03-09T05:28:22.978574,2020-03-09T05:29:51.213253,88.234679,12,2 10 3 11 3 2 0 5 6 5 5 2,0,30001,-1,-1,21,13.020267729505228,
2020-03-09T05:29:53.702706,2020-03-09T05:31:06.793451,73.090745,12,0 7 9 11 3 0 3 2 6 5 0 2,0,30001,-1,-1,23,14.795825836445706,
2020-03-09T05:31:16.461924,2020-03-09T05:32:25.007151,68.545227,12,1 5 1 11 11 11 2 2 5 8 6 11,0,30001,-1,-1,22,11.899329193611226,
2020-03-09T05:32:27.070455,2020-03-09T05:33:27.487688,60.417233,12,3 8 0 11 0 0 8 11 9 9 6 8,0,30001,-1,-1,23,13.061952834365494,
2020-03-09T05:33:29.508750,2020-03-09T05:35:16.039050,106.5303,12,6 3 5 2 0 9 8 3 5 3 10 9,0,30001,-1,-1,25,13.563572348049252,
2020-03-09T05:35:19.962816,2020-03-09T05:36:14.789207,54.826391,12,5 5 4 8 8 4 7 11 9 9 5 10,0,30001,-1,-1,21,12.157709934642007,
2020-03-09T05:36:15.976972,2020-03-09T05:37:43.723931,87.746959,12,10 3 8 3 5 0 4 4 7 4 1 9,0,30001,-1,-1,24,13.406406055594397,
2020-03-09T05:37:45.456786,2020-03-09T05:39:21.193600,95.736814,12,11 10 11 3 5 0 9 7 10 7 7 6,0,30001,-1,-1,23,12.966552810364878,
2020-03-09T05:39:22.145058,2020-03-09T05:40:38.468931,76.323873,12,1 0 0 7 11 7 3 3 5 6 1 2,0,30001,-1,-1,27,12.900119171668498,
2020-03-09T05:40:40.247644,2020-03-09T05:41:46.895349,66.647705,12,1 1 9 0 11 11 2 11 1 5 2 7,0,30001,-1,-1,26,13.258163680327211,
2020-03-09T05:41:53.173637,2020-03-09T05:43:07.995161,74.821524,12,6 4 4 8 4 11 4 1 8 3 4 7,0,30001,-1,-1,21,12.870106279931116,
2020-03-09T05:43:09.555847,2020-03-09T05:43:39.833230,30.277383,12,8 3 0 5 1 8 3 7 6 1 0 11,1,15996,22,8,22,12.601248861057147,"[9, 3, 5, 9, 2, 6, 7, 2, 9, 2, 8, 6, 0, 8, 2, 3, 8, 0, 11, 6, 2, 9]"
2020-03-09T05:43:41.376862,2020-03-09T05:45:01.560518,80.183656,12,4 0 4 2 9 9 2 1 3 3 2 2,0,30001,-1,-1,20,11.584516989431936,
2020-03-09T05:45:02.648746,2020-03-09T05:46:12.542485,69.893739,12,9 8 4 9 11 2 10 8 5 5 4 7,0,30001,-1,-1,23,12.49000404462248,
2020-03-09T05:46:14.298124,2020-03-09T05:47:08.071245,53.773121,12,10 7 4 0 9 4 0 10 8 10 10 6,0,30001,-1,-1,20,11.851092317944685,
2020-03-09T05:47:09.804096,2020-03-09T05:49:01.941677,112.137581,12,1 1 5 1 11 8 3 8 1 1 2 10,0,30001,-1,-1,24,13.517288967898493,
2020-03-09T05:49:03.290605,2020-03-09T05:49:56.001521,52.710916,12,4 1 9 7 2 5 0 3 7 2 4 7,0,30001,-1,-1,22,11.96877536126113,
2020-03-09T05:49:57.718804,2020-03-09T05:50:45.120823,47.402019,13,2 0 4 7 3 3 6 10 2 4 9 6 6,0,30001,-1,-1,23,12.70858032851722,
2020-03-09T05:50:47.555293,2020-03-09T05:51:56.259591,68.704298,13,11 11 0 7 3 0 10 3 6 7 2 4 3,0,30001,-1,-1,24,12.828071393243317,
2020-03-09T05:51:58.159259,2020-03-09T05:53:03.011996,64.852737,13,3 6 2 0 3 5 7 7 11 7 5 3 1,0,30001,-1,-1,22,13.508299969689489,
2020-03-09T05:53:06.365180,2020-03-09T05:54:13.047091,66.681911,13,0 8 10 6 8 1 0 0 3 10 7 3 5,0,30001,-1,-1,25,12.650525865567046,
2020-03-09T05:54:15.614051,2020-03-09T05:55:32.177975,76.563924,13,10 8 7 8 9 10 9 9 2 1 4 3 11,0,30001,-1,-1,24,12.980893401409407,
2020-03-09T05:55:33.165085,2020-03-09T05:56:30.259592,57.094507,13,8 9 6 8 9 9 9 7 5 6 3 3 3,0,30001,-1,-1,21,12.063007092244277,
2020-03-09T05:56:31.462969,2020-03-09T05:57:21.663732,50.200763,13,4 2 7 4 1 5 10 9 2 4 5 2 7,0,30001,-1,-1,24,13.998129480540129,
2020-03-09T05:57:27.516057,2020-03-09T05:58:23.571618,56.055561,13,0 7 0 5 8 8 7 3 11 8 7 6 4,0,30001,-1,-1,22,12.21242184690122,
2020-03-09T05:58:25.173697,2020-03-09T06:00:19.453439,114.279742,13,3 8 9 2 1 1 10 9 7 3 10 1 10,0,30001,-1,-1,24,12.832444831751419,
2020-03-09T06:00:20.578696,2020-03-09T06:01:09.338133,48.759437,13,0 0 4 2 10 7 8 6 8 4 3 8 1,0,30001,-1,-1,22,12.058126164499802,
2020-03-09T06:01:10.776930,2020-03-09T06:02:31.834069,81.057139,13,5 7 7 4 1 11 4 2 1 2 10 9 2,0,30001,-1,-1,25,13.437312688698425,
2020-03-09T06:02:34.203795,2020-03-09T06:03:46.236984,72.033189,13,3 6 7 3 5 3 8 10 2 7 9 7 11,0,30001,-1,-1,23,13.940314056215438,
2020-03-09T06:03:48.113825,2020-03-09T06:04:38.148390,50.034565,13,9 1 0 10 7 8 0 7 11 1 5 3 8,0,30001,-1,-1,21,11.59278082002669,
2020-03-09T06:04:39.199507,2020-03-09T06:05:28.851855,49.652348,13,1 4 4 0 8 7 0 11 0 2 6 8 4,0,30001,-1,-1,23,11.007045746272032,
2020-03-09T06:05:30.076746,2020-03-09T06:06:15.957519,45.880773,13,4 7 4 5 1 5 1 3 8 3 10 2 9,0,30001,-1,-1,21,12.22728599654732,
2020-03-09T06:06:18.979445,2020-03-09T06:07:07.935107,48.955662,13,9 7 0 2 10 0 9 2 5 3 2 10 10,0,30001,-1,-1,21,11.700562363740751,
2020-03-09T06:07:09.456352,2020-03-09T06:08:02.385537,52.929185,13,8 10 6 1 9 11 7 7 7 3 10 2 1,0,30001,-1,-1,23,13.735453941809615,
2020-03-09T06:08:04.962131,2020-03-09T06:09:02.706950,57.744819,13,9 0 5 6 5 1 5 3 3 2 7 11 7,0,30001,-1,-1,22,11.822004969349122,
2020-03-09T06:09:04.055691,2020-03-09T06:10:42.065690,98.009999,13,6 10 0 11 4 6 8 4 4 8 5 9 0,0,30001,-1,-1,27,13.878668262936678,
2020-03-09T06:10:44.274603,2020-03-09T06:11:40.233017,55.958414,13,9 2 7 11 0 10 3 8 5 5 5 0 10,0,30001,-1,-1,27,15.964862071888751,
2020-03-09T06:11:49.923626,2020-03-09T06:12:41.759086,51.83546,14,2 1 5 10 2 1 9 4 8 9 7 3 6 3,0,30001,-1,-1,21,11.839891456732277,
2020-03-09T06:12:43.196267,2020-03-09T06:14:23.180251,99.983984,14,4 6 10 6 7 9 5 6 4 7 3 10 11 1,0,30001,-1,-1,26,14.802440527600057,
2020-03-09T06:14:25.611297,2020-03-09T06:15:48.190183,82.578886,14,5 0 8 8 5 0 1 11 3 6 11 7 11 10,0,30001,-1,-1,23,13.45614106625161,
2020-03-09T06:15:50.131472,2020-03-09T06:16:53.377307,63.245835,14,8 9 7 4 2 11 4 3 2 6 10 6 9 5,0,30001,-1,-1,21,12.79382687849976,
2020-03-09T06:16:56.645598,2020-03-09T06:17:46.209521,49.563923,14,6 11 4 6 1 0 4 7 3 7 2 0 1 1,0,30001,-1,-1,23,12.25470760735161,
2020-03-09T06:17:47.876368,2020-03-09T06:19:24.825029,96.948661,14,10 10 2 9 1 1 4 6 6 6 9 2 10 6,0,30001,-1,-1,25,14.185678042293143,
2020-03-09T06:19:31.014876,2020-03-09T06:20:25.761014,54.746138,14,5 0 2 4 4 2 10 3 0 7 2 11 8 3,0,30001,-1,-1,21,12.680283265685851,
2020-03-09T06:20:28.111670,2020-03-09T06:21:23.441491,55.329821,14,3 6 9 6 9 5 2 10 3 2 3 10 7 8,0,30001,-1,-1,22,12.724071725118094,
2020-03-09T06:21:25.745706,2020-03-09T06:22:35.589844,69.844138,14,9 10 5 10 3 2 11 11 2 9 11 11 4 11,0,30001,-1,-1,21,11.302224405758503,
2020-03-09T06:22:36.499961,2020-03-09T06:23:43.512042,67.012081,14,6 9 6 5 10 6 9 7 7 9 7 9 2 0,0,30001,-1,-1,22,11.515266397177557,
2020-03-09T06:23:44.483440,2020-03-09T06:24:56.006885,71.523445,14,8 0 7 9 4 4 6 8 10 3 2 3 2 5,0,30001,-1,-1,25,13.022028118483373,
2020-03-09T06:24:57.421745,2020-03-09T06:26:50.115438,112.693693,14,6 7 10 9 5 5 7 5 2 5 1 1 3 11,0,30001,-1,-1,25,15.2019151417986,
2020-03-09T06:26:55.762367,2020-03-09T06:27:48.658097,52.89573,14,10 2 4 4 3 2 10 2 4 11 2 6 1 11,0,30001,-1,-1,22,13.021731228706159,
2020-03-09T06:27:52.384818,2020-03-09T06:28:51.184125,58.799307,14,8 5 1 5 5 7 11 7 6 9 8 10 0 2,0,30001,-1,-1,23,12.618261587688286,
2020-03-09T06:28:52.637369,2020-03-09T06:30:06.622002,73.984633,14,0 11 10 3 0 2 9 7 9 4 7 4 1 8,0,30001,-1,-1,22,13.106796131679204,
2020-03-09T06:30:07.846886,2020-03-09T06:30:54.078763,46.231877,14,4 1 4 6 9 2 6 2 1 8 6 3 10 0,0,30001,-1,-1,20,10.90950824658343,
2020-03-09T06:30:55.458607,2020-03-09T06:32:47.491037,112.03243,14,10 10 10 9 4 9 6 7 2 1 8 3 10 6,0,30001,-1,-1,23,13.730339995046442,
2020-03-09T06:32:48.561918,2020-03-09T06:33:38.596121,50.034203,14,3 1 1 5 0 4 5 4 0 0 4 5 6 3,0,30001,-1,-1,22,11.62366125064562,
2020-03-09T06:33:39.957918,2020-03-09T06:34:44.031781,64.073863,14,6 8 11 6 10 6 7 10 2 0 4 4 9 5,0,30001,-1,-1,23,12.896120866858519,
2020-03-09T06:34:45.328488,2020-03-09T06:36:00.575061,75.246573,14,7 2 6 1 3 8 8 1 3 2 1 5 3 2,0,30001,-1,-1,21,12.503119871808344,
2020-03-09T06:36:02.306622,2020-03-09T06:37:10.676607,68.369985,15,6 3 3 10 11 8 6 2 1 6 10 8 6 1 1,0,30001,-1,-1,22,11.952934505050838,
2020-03-09T06:37:12.092860,2020-03-09T06:38:15.093107,63.000247,15,6 7 9 4 4 1 10 6 5 1 10 0 7 9 8,0,30001,-1,-1,21,11.36410757588516,
2020-03-09T06:38:16.269377,2020-03-09T06:39:07.560879,51.291502,15,5 1 2 5 8 9 9 8 4 9 11 1 5 7 6,0,30001,-1,-1,21,12.93768508361474,
2020-03-09T06:39:11.513579,2020-03-09T06:40:12.015127,60.501548,15,11 6 9 9 0 9 8 4 0 0 10 8 1 4 0,0,30001,-1,-1,25,12.437020951202408,
2020-03-09T06:40:13.848673,2020-03-09T06:42:33.780453,139.93178,15,6 5 6 7 6 2 10 11 10 7 7 10 2 7 8,0,30001,-1,-1,25,15.843913246381321,
2020-03-09T06:42:38.756870,2020-03-09T06:43:27.670768,48.913898,15,6 6 6 9 8 11 7 0 2 9 2 11 9 0 4,0,30001,-1,-1,20,11.753821559357322,
2020-03-09T06:43:29.845176,2020-03-09T06:44:26.725290,56.880114,15,6 9 7 9 9 7 8 0 9 6 9 11 11 2 10,0,30001,-1,-1,25,15.270887860266582,
2020-03-09T06:44:30.449655,2020-03-09T06:45:17.496972,47.047317,15,3 7 11 10 2 0 11 3 11 3 1 2 4 2 10,0,30001,-1,-1,20,11.189799698631514,
2020-03-09T06:45:18.604545,2020-03-09T06:46:26.174746,67.570201,15,10 0 2 4 0 8 10 9 10 6 3 3 10 8 1,0,30001,-1,-1,25,12.290325046911331,
2020-03-09T06:46:27.339386,2020-03-09T06:47:18.469767,51.130381,15,1 5 9 1 0 8 4 6 6 4 4 3 11 6 3,0,30001,-1,-1,21,12.479915490849928,
2020-03-09T06:47:20.689389,2020-03-09T06:48:08.819928,48.130539,15,10 1 1 0 8 3 6 9 11 0 8 0 10 2 10,0,30001,-1,-1,24,14.386099995905512,
2020-03-09T06:48:16.681720,2020-03-09T06:49:10.213247,53.531527,15,1 2 3 10 0 10 1 11 1 4 4 7 6 6 11,0,30001,-1,-1,21,12.739319797124177,
2020-03-09T06:49:11.864233,2020-03-09T06:50:04.629301,52.765068,15,9 1 11 6 6 8 1 8 7 3 3 4 2 1 8,0,30001,-1,-1,25,12.72886935224179,
2020-03-09T06:50:06.561284,2020-03-09T06:51:08.055793,61.494509,15,0 10 9 10 3 0 1 5 6 10 0 8 1 0 9,0,30001,-1,-1,23,12.66342426598652,
2020-03-09T06:51:11.549863,2020-03-09T06:52:06.180672,54.630809,15,9 5 3 11 3 2 10 6 7 8 6 4 0 7 3,0,30001,-1,-1,20,11.954182970759641,
2020-03-09T06:52:07.618747,2020-03-09T06:53:11.298872,63.680125,15,2 10 0 1 6 9 4 9 5 0 0 7 4 1 10,0,30001,-1,-1,22,11.778823266033324,
2020-03-09T06:53:12.424264,2020-03-09T06:54:12.696358,60.272094,15,6 3 10 2 0 2 9 9 2 11 2 7 6 2 7,0,30001,-1,-1,21,11.621324975015154,
2020-03-09T06:54:13.655770,2020-03-09T06:55:05.284648,51.628878,15,3 3 3 2 6 9 2 2 5 5 2 3 7 8 0,0,30001,-1,-1,23,12.018801962723911,
2020-03-09T06:55:08.101252,2020-03-09T06:56:10.124468,62.023216,15,9 5 6 4 1 2 9 2 7 3 0 7 9 9 7,0,30001,-1,-1,26,16.517605380361058,
2020-03-09T06:56:21.950307,2020-03-09T06:57:28.778917,66.82861,15,4 3 2 9 5 1 11 11 2 0 11 9 11 3 5,0,30001,-1,-1,21,12.600740800777125,
2020-03-09T06:57:30.363806,2020-03-09T06:58:40.184179,69.820373,16,0 5 7 0 5 8 9 10 5 10 1 9 0 10 1 1,0,30001,-1,-1,21,12.638176917295182,
2020-03-09T06:58:41.939087,2020-03-09T06:59:28.510628,46.571541,16,8 8 10 8 1 3 6 2 3 5 3 10 8 0 7 10,0,30001,-1,-1,21,12.58745713440584,
2020-03-09T06:59:31.188498,2020-03-09T07:00:45.703613,74.515115,16,0 4 2 9 10 9 6 3 0 11 1 6 6 10 7 6,0,30001,-1,-1,22,12.056030006212943,
2020-03-09T07:00:46.960720,2020-03-09T07:01:59.420949,72.460229,16,0 8 7 7 11 9 0 3 10 6 2 6 6 6 10 6,0,30001,-1,-1,27,15.499932506658308,
2020-03-09T07:02:03.818896,2020-03-09T07:02:52.537689,48.718793,16,3 4 8 10 8 11 2 4 9 0 11 6 7 3 4 11,0,30001,-1,-1,21,11.67573664837389,
2020-03-09T07:02:53.981681,2020-03-09T07:03:52.875683,58.894002,16,2 5 4 9 2 2 4 1 2 7 4 7 0 10 10 11,0,30001,-1,-1,23,11.818635760236903,
2020-03-09T07:03:54.491330,2020-03-09T07:05:00.696630,66.2053,16,2 2 5 4 1 2 6 11 0 2 9 11 6 1 8 11,0,30001,-1,-1,25,13.488553746743168,
2020-03-09T07:05:02.358430,2020-03-09T07:05:57.472310,55.11388,16,11 0 2 2 3 0 4 5 2 0 9 8 11 6 7 2,0,30001,-1,-1,22,12.123391752867335,
2020-03-09T07:05:58.617996,2020-03-09T07:06:50.085210,51.467214,16,10 3 6 6 5 8 4 3 6 2 11 10 3 10 6 10,0,30001,-1,-1,23,12.503503349505072,
2020-03-09T07:06:52.837808,2020-03-09T07:07:57.636021,64.798213,16,8 0 7 3 11 4 0 0 8 11 0 9 8 3 4 8,0,30001,-1,-1,21,13.1915047506038,
2020-03-09T07:07:59.786081,2020-03-09T07:08:54.719337,54.933256,16,9 4 7 10 3 8 8 6 8 10 7 4 6 3 1 1,0,30001,-1,-1,21,12.834788956890993,
2020-03-09T07:08:57.748109,2020-03-09T07:09:47.832661,50.084552,16,10 8 9 1 1 0 7 11 11 1 0 11 10 11 10 0,0,30001,-1,-1,23,13.805437658534537,
2020-03-09T07:09:51.727454,2020-03-09T07:10:59.254094,67.52664,16,10 7 4 1 6 1 6 10 8 8 7 9 1 5 4 4,0,30001,-1,-1,25,16.666343507872533,
2020-03-09T07:11:05.108865,2020-03-09T07:11:51.101611,45.992746,16,0 10 0 7 11 4 9 9 1 6 7 7 3 3 6 6,0,30001,-1,-1,23,11.78173801960983,
2020-03-09T07:11:52.855096,2020-03-09T07:12:49.979799,57.124703,16,0 10 8 0 5 5 3 11 11 4 5 8 10 3 1 1,0,30001,-1,-1,24,12.198621369740572,
2020-03-09T07:12:51.922172,2020-03-09T07:13:55.899893,63.977721,16,3 6 9 5 4 11 0 4 9 2 5 10 10 8 11 0,0,30001,-1,-1,26,12.559910260706308,
2020-03-09T07:13:57.585947,2020-03-09T07:16:28.179735,150.593788,16,3 10 8 4 9 8 4 1 3 3 6 11 11 0 8 3,0,30001,-1,-1,27,14.503343418081084,
2020-03-09T07:16:30.260953,2020-03-09T07:17:27.501973,57.24102,16,2 5 10 11 11 4 11 2 6 11 6 8 0 2 9 4,0,30001,-1,-1,21,11.583479350059838,
2020-03-09T07:17:28.868599,2020-03-09T07:18:25.989565,57.120966,16,7 9 8 3 6 9 9 0 0 1 9 11 6 3 11 3,0,30001,-1,-1,23,12.894172927836308,
2020-03-09T07:18:27.216421,2020-03-09T07:20:01.588899,94.372478,16,10 7 2 5 7 5 8 3 4 9 10 7 10 2 10 8,0,30001,-1,-1,25,12.05804264653608,
2020-03-09T07:20:02.492097,2020-03-09T07:20:59.389435,56.897338,17,6 11 10 2 0 2 0 3 3 8 7 9 6 3 1 11 7,0,30001,-1,-1,22,12.109503440342543,
2020-03-09T07:21:01.631356,2020-03-09T07:21:49.202557,47.571201,17,7 5 7 0 2 11 1 0 11 11 4 9 4 2 3 4 8,0,30001,-1,-1,22,12.232431188135092,
2020-03-09T07:21:50.517327,2020-03-09T07:22:43.106244,52.588917,17,0 5 10 1 10 8 6 9 11 1 8 5 5 6 11 2 2,0,30001,-1,-1,22,11.879961110649157,
2020-03-09T07:22:44.466466,2020-03-09T07:24:15.814495,91.348029,17,9 10 1 10 10 10 2 1 8 1 3 4 11 11 8 9 0,0,30001,-1,-1,25,15.772518750085043,
2020-03-09T07:24:21.735124,2020-03-09T07:26:28.775887,127.040763,17,4 6 5 4 3 7 2 6 5 10 9 11 2 7 3 5 2,0,30001,-1,-1,26,14.797664906873182,
2020-03-09T07:26:29.874061,2020-03-09T07:27:28.911941,59.03788,17,9 1 5 7 0 4 7 8 1 8 1 11 3 8 10 5 3,0,30001,-1,-1,23,12.366863991233046,
2020-03-09T07:27:30.587395,2020-03-09T07:28:21.429321,50.841926,17,8 4 5 10 9 8 7 6 9 2 5 4 1 1 8 7 7,0,30001,-1,-1,19,11.11708811363459,
2020-03-09T07:28:22.955430,2020-03-09T07:29:19.599632,56.644202,17,0 3 0 4 4 11 1 10 9 4 2 7 3 3 4 4 11,0,30001,-1,-1,22,12.369708328562114,
2020-03-09T07:29:21.243079,2020-03-09T07:30:26.578771,65.335692,17,4 7 9 10 9 10 7 0 5 6 5 7 9 8 9 4 4,0,30001,-1,-1,24,14.418653367952508,
2020-03-09T07:30:32.949160,2020-03-09T07:31:28.364678,55.415518,17,2 4 9 4 1 9 2 1 9 4 0 5 5 3 7 10 2,0,30001,-1,-1,24,13.97242163196937,
2020-03-09T07:31:32.055776,2020-03-09T07:32:38.304587,66.248811,17,7 7 3 7 6 5 10 7 11 9 8 6 2 6 9 5 10,0,30001,-1,-1,24,12.826147212811826,
2020-03-09T07:32:39.944006,2020-03-09T07:33:37.681233,57.737227,17,5 9 0 0 7 10 2 0 7 7 0 0 11 2 11 11 7,0,30001,-1,-1,20,11.396346381226069,
2020-03-09T07:33:38.795140,2020-03-09T07:34:58.566099,79.770959,17,4 9 4 0 11 4 6 9 4 1 4 4 7 0 11 1 6,0,30001,-1,-1,24,12.453124050956635,
2020-03-09T07:34:59.523730,2020-03-09T07:36:43.120278,103.596548,17,4 2 1 11 6 10 3 8 4 3 11 9 1 4 1 11 11,0,30001,-1,-1,28,14.742795684906952,
2020-03-09T07:36:45.277088,2020-03-09T07:37:49.651769,64.374681,17,9 8 3 2 10 5 3 6 8 6 2 3 3 11 2 11 4,0,30001,-1,-1,23,12.146834524910814,
2020-03-09T07:37:50.849882,2020-03-09T07:38:41.546025,50.696143,17,4 1 10 9 10 9 10 1 11 10 6 11 8 5 8 8 8,0,30001,-1,-1,21,11.706537549823773,
2020-03-09T07:38:42.952008,2020-03-09T07:39:49.650565,66.698557,17,6 1 10 7 10 8 1 6 3 0 11 7 5 0 3 11 8,0,30001,-1,-1,21,11.494277289282913,
2020-03-09T07:39:51.882072,2020-03-09T07:40:58.225700,66.343628,17,0 5 10 10 9 1 11 9 7 9 2 10 3 7 0 1 8,0,30001,-1,-1,20,11.982415606333625,
2020-03-09T07:40:59.857169,2020-03-09T07:41:55.188030,55.330861,17,5 0 9 8 3 1 8 11 10 6 10 7 9 5 6 3 6,0,30001,-1,-1,22,14.14035903900447,
2020-03-09T07:41:58.683927,2020-03-09T07:42:53.882985,55.199058,17,9 0 7 11 10 2 6 4 4 7 3 11 4 6 9 11 4,0,30001,-1,-1,21,12.716389604377385,
2020-03-09T07:42:56.589416,2020-03-09T07:44:19.255050,82.665634,18,9 6 6 6 6 9 0 3 10 8 10 5 4 4 7 11 10 3,0,30001,-1,-1,20,11.017648599049041,
2020-03-09T07:44:20.593797,2020-03-09T07:45:16.755278,56.161481,18,1 4 2 2 10 11 0 2 5 7 7 6 5 2 4 5 6 3,0,30001,-1,-1,22,11.2520468661773,
2020-03-09T07:45:17.792438,2020-03-09T07:46:17.291665,59.499227,18,7 2 1 6 8 1 0 7 7 10 8 7 10 9 9 8 10 11,0,30001,-1,-1,22,11.720734698584627,
2020-03-09T07:46:19.516270,2020-03-09T07:47:05.334917,45.818647,18,7 0 9 11 4 8 8 7 6 4 1 9 7 4 11 0 3 3,0,30001,-1,-1,20,11.12746926221351,
2020-03-09T07:47:07.505157,2020-03-09T07:48:06.135188,58.630031,18,11 11 11 6 4 5 4 3 10 2 5 10 5 3 3 3 5 3,0,30001,-1,-1,22,11.61231460222226,
2020-03-09T07:48:07.215544,2020-03-09T07:49:19.934450,72.718906,18,5 9 11 7 11 3 8 11 9 5 10 0 10 10 11 4 9 2,0,30001,-1,-1,27,13.912601941424727,
2020-03-09T07:49:21.274633,2020-03-09T07:50:16.294925,55.020292,18,2 11 7 0 7 8 11 7 4 8 9 2 10 6 5 9 6 9,0,30001,-1,-1,21,11.160199388380507,
2020-03-09T07:50:17.365980,2020-03-09T07:51:08.925017,51.559037,18,7 10 11 4 5 10 11 2 0 4 9 11 2 9 10 7 3 1,0,30001,-1,-1,19,11.15413556130758,
2020-03-09T07:51:10.360116,2020-03-09T07:52:01.642078,51.281962,18,1 0 2 6 10 1 9 1 9 7 10 3 3 10 3 5 4 6,0,30001,-1,-1,18,10.346492916446865,
2020-03-09T07:52:02.702129,2020-03-09T07:52:53.210446,50.508317,18,4 8 0 8 1 0 11 0 8 6 7 8 0 3 1 4 5 9,0,30001,-1,-1,22,12.185546482526808,
2020-03-09T07:52:54.935546,2020-03-09T07:54:10.675049,75.739503,18,5 0 3 8 9 7 6 7 0 0 0 9 1 11 8 11 11 7,0,30001,-1,-1,22,11.795471593027278,
2020-03-09T07:54:11.602683,2020-03-09T07:55:03.256619,51.653936,18,3 1 8 10 6 10 7 11 11 0 10 8 0 11 6 11 2 4,0,30001,-1,-1,21,11.311076602605151,
2020-03-09T07:55:04.316669,2020-03-09T07:56:05.618538,61.301869,18,1 1 9 2 2 0 1 2 9 7 11 0 11 11 9 7 4 6,0,30001,-1,-1,21,11.446801666171865,
2020-03-09T07:56:06.971802,2020-03-09T07:57:18.549400,71.577598,18,2 9 4 6 9 4 11 10 3 10 7 9 6 6 2 3 0 8,0,30001,-1,-1,22,13.07251683314764,
2020-03-09T07:57:21.155955,2020-03-09T07:58:17.782254,56.626299,18,5 5 5 4 3 5 0 2 11 2 1 5 8 11 0 2 7 8,0,30001,-1,-1,20,10.734301386272826,
2020-03-09T07:58:19.040473,2020-03-09T07:59:12.580791,53.540318,18,8 5 5 7 3 2 4 4 2 4 7 3 6 10 8 1 4 0,0,30001,-1,-1,22,12.877558367770346,
2020-03-09T07:59:15.554193,2020-03-09T08:00:08.301878,52.747685,18,10 6 10 5 7 9 8 9 8 0 7 3 5 9 2 9 10 5,0,30001,-1,-1,20,13.26663910239401,
2020-03-09T08:00:11.826072,2020-03-09T08:01:00.021725,48.195653,18,3 0 8 5 3 6 7 0 4 5 0 8 9 1 10 3 8 4,0,30001,-1,-1,20,10.933826786128948,
2020-03-09T08:01:02.377172,2020-03-09T08:01:59.982648,57.605476,18,5 5 8 6 7 11 4 6 3 8 11 10 9 1 2 0 4 5,0,30001,-1,-1,21,11.5270130828769,
2020-03-09T08:02:01.964404,2020-03-09T08:03:00.504418,58.540014,18,10 5 7 8 1 3 11 10 5 2 6 3 6 4 11 11 10 5,0,30001,-1,-1,23,13.538852267392283,
2020-03-09T08:03:02.537275,2020-03-09T08:03:58.249809,55.712534,19,5 9 5 5 7 10 3 2 0 4 4 1 8 5 0 3 3 11 8,0,30001,-1,-1,23,13.773941757078774,
2020-03-09T08:04:01.294153,2020-03-09T08:04:56.973811,55.679658,19,5 7 4 9 8 11 2 4 2 11 2 5 8 10 8 0 0 4 9,0,30001,-1,-1,23,13.574092393101681,
2020-03-09T08:05:01.634117,2020-03-09T08:06:25.684432,84.050315,19,7 6 11 1 10 10 11 2 5 0 4 9 8 9 7 7 4 11 8,0,30001,-1,-1,27,14.809059033042802,
2020-03-09T08:06:29.381075,2020-03-09T08:07:24.814545,55.43347,19,10 5 8 7 11 0 0 8 3 1 1 10 11 4 8 11 10 9 2,0,30001,-1,-1,28,12.821907223272193,
2020-03-09T08:07:26.158494,2020-03-09T08:08:22.911583,56.753089,19,3 2 4 7 9 2 9 4 2 10 3 10 5 10 8 4 2 0 1,0,30001,-1,-1,28,13.054518871778797,
2020-03-09T08:08:24.762219,2020-03-09T08:10:47.588479,142.82626,19,1 11 7 10 8 0 4 6 6 11 4 3 5 7 2 11 8 7 8,0,30001,-1,-1,23,13.116529439179741,
2020-03-09T08:10:49.820589,2020-03-09T08:11:34.864686,45.044097,19,2 4 8 5 5 7 6 10 7 7 7 6 10 7 0 7 4 7 4,0,30001,-1,-1,19,12.046629988815235,
2020-03-09T08:11:39.438036,2020-03-09T08:12:39.490161,60.052125,19,8 0 5 6 3 5 1 9 10 2 4 7 5 4 1 9 11 4 8,0,30001,-1,-1,19,12.02239743287299,
2020-03-09T08:12:40.797329,2020-03-09T08:13:34.176278,53.378949,19,10 5 6 4 2 4 1 6 1 9 5 8 5 8 6 7 9 1 5,0,30001,-1,-1,23,11.900068443433906,
2020-03-09T08:13:35.367248,2020-03-09T08:14:30.221524,54.854276,19,11 10 9 1 8 3 2 10 7 2 10 6 6 6 4 3 3 1 4,0,30001,-1,-1,22,12.83104454445122,
2020-03-09T08:14:32.447471,2020-03-09T08:15:40.858435,68.410964,19,9 8 6 6 7 0 3 7 4 11 0 1 4 11 9 7 0 0 11,0,30001,-1,-1,23,12.723123135455161,
2020-03-09T08:15:42.819475,2020-03-09T08:16:35.177183,52.357708,19,1 10 0 1 11 7 0 1 8 10 1 2 5 1 1 8 1 10 1,0,30001,-1,-1,22,11.346625293318514,
2020-03-09T08:16:36.281969,2020-03-09T08:17:22.519869,46.2379,19,5 4 6 3 4 8 0 9 6 8 8 9 5 0 9 10 3 6 4,0,30001,-1,-1,20,11.70512324839763,
2020-03-09T08:17:24.735743,2020-03-09T08:18:18.262594,53.526851,19,8 4 5 5 3 6 11 2 7 11 8 4 9 1 5 10 10 3 1,0,30001,-1,-1,20,12.228756319628703,
2020-03-09T08:18:19.938190,2020-03-09T08:19:16.813904,56.875714,19,3 8 1 10 2 6 10 5 9 1 4 9 1 4 1 5 1 10 6,0,30001,-1,-1,22,14.282561777179133,
2020-03-09T08:19:21.242701,2020-03-09T08:20:11.754955,50.512254,19,10 6 4 1 5 0 10 2 5 1 5 10 1 1 2 0 9 11 1,0,30001,-1,-1,22,13.66427121047336,
2020-03-09T08:20:16.921402,2020-03-09T08:21:06.814579,49.893177,19,10 1 8 7 10 8 4 7 6 8 4 4 1 8 10 1 8 10 2,0,30001,-1,-1,23,11.875104571691919,
2020-03-09T08:21:08.174996,2020-03-09T08:22:20.409125,72.234129,19,3 2 0 11 3 10 5 8 11 6 7 7 0 8 6 7 0 2 10,0,30001,-1,-1,22,12.532024274548272,
2020-03-09T08:22:21.689183,2020-03-09T08:23:15.522923,53.83374,19,0 1 9 7 11 7 6 9 11 0 5 7 10 6 10 10 9 2 11,0,30001,-1,-1,22,13.41420988443623,
2020-03-09T08:23:18.981715,2020-03-09T08:24:51.071856,92.090141,19,2 10 11 1 0 4 3 7 8 8 0 10 1 3 0 7 8 4 9,0,30001,-1,-1,21,13.259401852085716,
2020-03-09T08:24:52.206190,2020-03-09T08:25:54.410176,62.203986,20,11 7 4 6 2 6 5 3 1 6 6 2 4 1 11 4 8 5 0 7,0,30001,-1,-1,24,13.212522953207117,
2020-03-09T08:25:57.993081,2020-03-09T08:27:02.792516,64.799435,20,4 6 5 0 5 5 4 4 6 3 5 6 10 2 6 4 9 8 3 0,0,30001,-1,-1,23,12.635313229966844,
2020-03-09T08:27:07.261212,2020-03-09T08:27:57.219910,49.958698,20,0 9 1 4 9 2 10 5 6 6 9 0 9 2 10 10 10 3 7 5,0,30001,-1,-1,22,12.184314729876451,
2020-03-09T08:27:58.676285,2020-03-09T08:28:53.099880,54.423595,20,1 6 9 6 1 9 1 3 7 7 8 0 3 5 5 3 3 4 9 0,0,30001,-1,-1,24,11.208489691454144,
2020-03-09T08:28:54.381722,2020-03-09T08:29:42.369147,47.987425,20,9 8 0 3 11 9 2 0 4 6 1 10 2 10 2 4 0 2 1 9,0,30001,-1,-1,19,11.360077627116468,
2020-03-09T08:29:44.433179,2020-03-09T08:30:29.985496,45.552317,20,1 5 6 5 0 3 5 1 4 11 9 4 5 2 9 7 5 5 1 8,0,30001,-1,-1,21,11.438819251220602,
2020-03-09T08:30:31.640180,2020-03-09T08:31:20.205024,48.564844,20,2 6 2 7 2 7 2 0 3 1 10 10 10 0 5 2 2 0 7 7,0,30001,-1,-1,21,13.680285523278807,
2020-03-09T08:31:23.302368,2020-03-09T08:32:09.678801,46.376433,20,6 5 10 5 4 6 7 2 6 4 9 11 6 5 2 11 2 11 9 1,0,30001,-1,-1,24,11.129657455380391,
2020-03-09T08:32:10.824940,2020-03-09T08:33:01.674778,50.849838,20,2 3 6 6 2 7 0 2 0 8 9 9 11 3 10 2 3 7 4 3,0,30001,-1,-1,24,13.078014306260602,
2020-03-09T08:33:03.675972,2020-03-09T08:34:00.133636,56.457664,20,6 4 4 3 10 3 5 7 3 8 4 9 0 5 8 3 4 7 3 5,0,30001,-1,-1,21,11.331503078006246,
2020-03-09T08:34:01.270630,2020-03-09T08:35:01.069473,59.798843,20,9 10 7 2 10 6 10 10 7 11 7 0 2 4 11 4 2 11 2 9,0,30001,-1,-1,22,11.753512903897224,
2020-03-09T08:35:02.433870,2020-03-09T08:35:52.507416,50.073546,20,0 0 9 8 0 8 6 10 6 4 9 6 5 7 7 9 2 11 3 0,0,30001,-1,-1,22,12.329573869687207,
2020-03-09T08:35:54.804813,2020-03-09T08:37:23.307633,88.50282,20,8 0 5 9 4 1 1 4 4 1 3 7 5 5 5 1 6 10 1 8,0,30001,-1,-1,22,13.87956613059892,
2020-03-09T08:37:30.630219,2020-03-09T08:38:45.288700,74.658481,20,5 2 6 1 2 2 10 3 6 7 0 5 7 9 1 9 2 9 9 1,0,30001,-1,-1,25,12.967890874146264,
2020-03-09T08:38:47.722827,2020-03-09T08:40:00.035044,72.312217,20,0 11 2 2 3 11 2 3 6 5 8 3 5 9 9 4 0 2 7 3,0,30001,-1,-1,24,13.494383780301836,
2020-03-09T08:40:01.925558,2020-03-09T08:40:49.339789,47.414231,20,6 2 9 10 11 11 2 3 3 10 10 5 6 2 5 0 1 4 0 1,0,30001,-1,-1,20,12.46103511668211,
2020-03-09T08:40:52.431394,2020-03-09T08:42:08.088475,75.657081,20,11 11 7 5 2 2 1 10 3 7 4 9 0 7 7 10 3 1 10 7,0,30001,-1,-1,24,13.966612999140084,
2020-03-09T08:42:11.457098,2020-03-09T08:43:14.363590,62.906492,20,9 9 4 1 4 8 0 7 6 8 11 6 6 2 9 2 6 4 7 8,0,30001,-1,-1,24,14.421867614426354,
2020-03-09T08:43:16.795790,2020-03-09T08:44:03.186201,46.390411,20,10 8 11 8 7 7 9 11 3 7 7 10 10 2 4 2 10 3 5 3,0,30001,-1,-1,21,11.354873519666446,
2020-03-09T08:44:05.289686,2020-03-09T08:44:50.291995,45.002309,20,9 7 5 9 11 11 3 7 10 10 9 8 3 3 7 0 5 6 7 10,0,30001,-1,-1,22,12.908526635050414,
2020-03-09T08:44:52.095438,2020-03-09T08:46:03.630092,71.534654,21,4 5 6 5 6 2 3 11 10 1 5 5 4 6 11 10 9 7 10 9 8,0,30001,-1,-1,22,12.431136382177499,
2020-03-09T08:46:05.055857,2020-03-09T08:47:04.909419,59.853562,21,11 1 9 10 7 2 4 6 4 1 1 2 11 1 11 2 4 2 1 3 6,0,30001,-1,-1,22,13.180341102899375,
2020-03-09T08:47:06.268787,2020-03-09T08:48:07.737546,61.468759,21,10 11 8 5 0 2 5 9 8 3 4 4 9 4 3 4 2 7 0 0 5,0,30001,-1,-1,22,12.392709810064206,
2020-03-09T08:48:09.128315,2020-03-09T08:49:19.670401,70.542086,21,10 3 6 3 4 4 1 2 2 7 5 10 8 11 7 11 10 6 11 10 9,0,30001,-1,-1,29,13.722471852715282,
2020-03-09T08:49:21.125265,2020-03-09T08:50:05.729377,44.604112,21,1 3 0 8 7 0 5 5 5 0 8 11 9 6 8 0 11 4 6 5 8,0,30001,-1,-1,20,12.207607437945283,
2020-03-09T08:50:09.749915,2020-03-09T08:50:59.209737,49.459822,21,3 4 7 2 0 0 4 3 7 5 1 0 8 11 0 11 4 5 0 7 7,0,30001,-1,-1,18,10.585093017933962,
2020-03-09T08:51:00.483000,2020-03-09T08:51:50.955447,50.472447,21,8 6 6 4 8 6 11 1 6 2 6 4 4 5 2 2 3 0 11 1 5,0,30001,-1,-1,20,10.496841642506341,
2020-03-09T08:51:52.175213,2020-03-09T08:52:45.327602,53.152389,21,4 2 10 3 6 11 0 10 6 2 6 3 3 3 0 7 5 5 1 11 3,0,30001,-1,-1,24,12.049476415810467,
2020-03-09T08:52:46.834499,2020-03-09T08:53:45.886833,59.052334,21,8 7 4 0 9 2 7 5 4 1 4 8 3 10 8 5 2 3 10 3 3,0,30001,-1,-1,24,13.06475821675187,
2020-03-09T08:53:47.151179,2020-03-09T08:54:32.984369,45.83319,21,5 8 8 6 4 3 2 7 3 3 8 5 6 10 11 7 3 2 11 4 5,0,30001,-1,-1,22,12.231950424925609,
2020-03-09T08:54:34.468852,2020-03-09T08:55:49.767201,75.298349,21,8 1 8 11 6 6 3 4 3 11 3 2 7 7 5 4 2 9 1 0 3,0,30001,-1,-1,24,13.41292604633265,
2020-03-09T08:55:52.039136,2020-03-09T08:56:49.569365,57.530229,21,0 8 11 7 6 8 9 1 4 2 1 5 10 6 7 4 4 4 3 6 1,0,30001,-1,-1,21,11.682667645639961,
2020-03-09T08:56:50.941981,2020-03-09T08:57:37.820952,46.878971,21,2 0 5 7 6 6 6 2 5 4 2 7 10 10 5 3 5 0 2 9 7,0,30001,-1,-1,23,12.778268911812901,
2020-03-09T08:57:40.794675,2020-03-09T08:59:02.830827,82.036152,21,11 4 0 9 6 5 6 3 11 1 11 10 10 1 6 7 0 3 0 3 3,0,30001,-1,-1,24,13.738022733930555,
2020-03-09T08:59:05.923347,2020-03-09T09:00:05.131757,59.20841,21,10 5 6 11 0 3 10 6 1 1 1 9 0 11 3 4 4 9 0 8 7,0,30001,-1,-1,22,11.57388687888805,
2020-03-09T09:00:06.107447,2020-03-09T09:01:21.503855,75.396408,21,11 7 8 4 11 11 11 11 1 0 5 3 1 1 0 4 9 7 10 7 6,0,30001,-1,-1,25,14.33495363586175,
2020-03-09T09:01:23.729189,2020-03-09T09:02:49.532095,85.802906,21,11 11 8 3 6 2 1 2 5 4 11 1 11 0 3 3 1 2 9 7 0,0,30001,-1,-1,25,14.570394233332227,
2020-03-09T09:02:53.428690,2020-03-09T09:03:40.141061,46.712371,21,10 3 11 10 10 7 4 5 7 6 2 9 0 9 4 1 9 7 10 11 0,0,30001,-1,-1,24,11.410538510011843,
2020-03-09T09:03:41.560759,2020-03-09T09:04:43.739241,62.178482,21,8 6 8 4 1 3 6 6 9 0 1 5 3 3 3 10 9 11 9 1 9,0,30001,-1,-1,24,14.777083475208935,
2020-03-09T09:04:48.875010,2020-03-09T09:06:12.847093,83.972083,21,0 2 11 9 0 0 1 11 3 3 0 0 11 4 7 5 5 2 5 10 2,0,30001,-1,-1,28,18.76016298281608,
2020-03-09T09:06:46.247950,2020-03-09T09:07:38.733611,52.485661,22,1 2 2 10 5 7 6 8 1 2 0 4 5 6 9 8 1 9 9 5 6 4,0,30001,-1,-1,22,13.184976878657045,
2020-03-09T09:07:41.551352,2020-03-09T09:08:38.556409,57.005057,22,0 9 8 8 0 4 6 2 10 5 6 10 2 9 2 7 6 8 0 3 0 9,0,30001,-1,-1,22,11.880178101883622,
2020-03-09T09:08:40.020800,2020-03-09T09:09:40.420348,60.399548,22,0 4 7 5 9 1 11 4 2 5 9 4 7 7 3 6 7 11 8 6 5 1,0,30001,-1,-1,19,10.770399155368208,
2020-03-09T09:09:41.429621,2020-03-09T09:10:30.994038,49.564417,22,7 6 3 6 7 8 10 9 9 9 0 5 2 10 10 9 2 6 6 6 1 0,0,30001,-1,-1,20,11.033992399698723,
2020-03-09T09:10:32.006074,2020-03-09T09:11:22.157443,50.151369,22,8 1 0 4 2 11 11 0 10 8 11 6 5 0 2 3 10 1 9 7 3 4,0,30001,-1,-1,20,12.00809774152844,
2020-03-09T09:11:24.445089,2020-03-09T09:12:38.547015,74.101926,22,5 5 0 3 4 3 6 5 10 10 11 10 5 9 8 4 8 5 8 5 10 7,0,30001,-1,-1,25,14.74393876219679,
2020-03-09T09:12:40.433371,2020-03-09T09:13:46.762823,66.329452,22,8 0 5 4 2 3 3 2 9 0 10 7 7 10 3 10 5 8 0 1 4 8,0,30001,-1,-1,26,13.908264088669458,
2020-03-09T09:13:51.978053,2020-03-09T09:14:39.307587,47.329534,22,6 11 7 11 3 5 9 11 4 6 2 1 0 4 0 3 6 9 4 8 9 11,0,30001,-1,-1,18,11.0236779693712,
2020-03-09T09:14:40.512465,2020-03-09T09:16:02.887488,82.375023,22,1 10 1 5 2 1 11 10 3 10 10 11 3 11 0 5 1 5 2 7 11 8,0,30001,-1,-1,23,13.531623458063738,
2020-03-09T09:16:05.415960,2020-03-09T09:16:52.210590,46.79463,22,0 4 1 6 2 3 5 0 5 3 11 3 4 6 7 10 2 0 1 11 4 3,0,30001,-1,-1,20,11.61869121284246,
2020-03-09T09:16:53.885129,2020-03-09T09:17:40.682581,46.797452,22,9 9 8 3 0 5 4 1 10 10 10 7 0 7 9 9 7 5 3 10 8 10,0,30001,-1,-1,21,12.024639512582773,
2020-03-09T09:17:43.157889,2020-03-09T09:18:34.681566,51.523677,22,2 6 1 10 2 11 2 2 3 7 0 0 7 3 2 4 3 8 4 3 3 3,0,30001,-1,-1,22,12.098657855274565,
2020-03-09T09:18:35.727522,2020-03-09T09:19:31.494551,55.767029,22,1 2 5 1 10 3 3 0 10 6 4 0 10 3 0 9 8 9 4 5 0 7,0,30001,-1,-1,23,13.17395424687395,
2020-03-09T09:19:33.113054,2020-03-09T09:20:44.688606,71.575552,22,7 7 7 0 8 9 4 11 11 9 7 5 1 3 4 8 9 7 10 3 2 1,0,30001,-1,-1,23,14.125236044100205,
2020-03-09T09:20:47.968025,2020-03-09T09:21:38.631457,50.663432,22,4 8 8 0 10 11 4 7 9 9 7 0 1 9 9 2 11 3 4 6 8 5,0,30001,-1,-1,20,12.451250100979873,
2020-03-09T09:21:41.168822,2020-03-09T09:22:45.223205,64.054383,22,1 11 3 6 8 6 11 8 10 5 0 9 0 11 2 10 11 10 10 2 4 4,0,30001,-1,-1,23,12.290467717264965,
2020-03-09T09:22:46.297557,2020-03-09T09:23:39.617087,53.31953,22,10 0 1 10 11 2 0 0 2 4 11 3 8 9 1 2 7 8 10 8 0 9,0,30001,-1,-1,22,12.88408355988938,
2020-03-09T09:23:43.753044,2020-03-09T09:24:33.410167,49.657123,22,3 0 11 3 0 8 7 9 6 9 0 5 2 9 8 9 0 5 8 11 8 3,0,30001,-1,-1,22,11.453711001062583,
2020-03-09T09:24:35.366490,2020-03-09T09:25:32.829985,57.463495,22,11 3 8 9 4 9 5 6 2 5 2 5 1 2 1 4 2 10 3 2 0 2,0,30001,-1,-1,22,12.652092544493849,
2020-03-09T09:25:34.757268,2020-03-09T09:26:28.927397,54.170129,22,7 7 7 4 6 6 5 4 5 2 11 2 6 6 1 10 0 0 0 11 7 7,0,30001,-1,-1,22,12.779875321078219,
2020-03-09T09:26:31.291505,2020-03-09T09:27:39.740459,68.448954,23,9 5 9 7 3 8 8 10 7 9 1 8 1 11 3 4 9 6 10 1 11 11 3,0,30001,-1,-1,22,11.88352723005507,
2020-03-09T09:27:40.819618,2020-03-09T09:28:39.099666,58.280048,23,7 6 7 11 0 3 7 0 11 2 3 7 11 6 5 1 11 2 2 1 3 2 9,0,30001,-1,-1,19,11.34715737167088,
2020-03-09T09:28:40.398596,2020-03-09T09:29:38.768887,58.370291,23,9 6 10 8 8 7 4 2 4 6 1 2 0 3 6 11 11 1 0 5 6 10 0,0,30001,-1,-1,23,11.319250671026909,
2020-03-09T09:29:40.358632,2020-03-09T09:30:29.522105,49.163473,23,0 10 7 0 4 1 10 9 2 3 5 1 10 6 6 7 9 0 9 8 9 4 9,0,30001,-1,-1,21,11.224622187219964,
2020-03-09T09:30:30.572596,2020-03-09T09:31:34.864592,64.291996,23,6 11 1 2 2 4 11 3 11 9 6 3 8 1 0 4 1 6 6 4 4 4 9,0,30001,-1,-1,20,11.829389515724445,
2020-03-09T09:31:36.056738,2020-03-09T09:32:26.491658,50.43492,23,6 1 10 3 10 8 0 10 5 9 2 9 4 5 3 4 7 0 7 7 6 1 5,0,30001,-1,-1,24,11.524171075809136,
2020-03-09T09:32:27.671394,2020-03-09T09:33:17.325486,49.654092,23,6 9 5 0 8 10 3 5 5 4 2 1 4 0 7 2 2 4 9 2 11 7 9,0,30001,-1,-1,23,14.32014005871998,
2020-03-09T09:33:22.996891,2020-03-09T09:34:17.146033,54.149142,23,11 6 11 2 6 9 11 7 3 3 7 4 6 10 1 8 4 11 9 2 0 2 2,0,30001,-1,-1,25,12.42165958963218,
2020-03-09T09:34:18.708663,2020-03-09T09:35:10.122786,51.414123,23,11 9 5 4 0 1 9 2 6 11 9 9 2 9 6 11 4 0 10 0 7 11 6,0,30001,-1,-1,22,11.998655686077175,
2020-03-09T09:35:11.736762,2020-03-09T09:36:09.711073,57.974311,23,1 2 4 2 1 5 7 10 6 8 5 7 6 7 4 5 6 2 6 7 0 0 3,0,30001,-1,-1,21,13.520942105472356,
2020-03-09T09:36:11.851939,2020-03-09T09:37:11.603497,59.751558,23,11 1 1 10 3 10 5 7 6 5 5 2 5 2 0 2 4 8 9 11 11 4 3,0,30001,-1,-1,22,12.279648875280907,
2020-03-09T09:37:12.910903,2020-03-09T09:38:23.014901,70.103998,23,9 1 5 5 2 3 8 11 4 11 1 10 9 9 4 2 2 9 5 3 5 2 3,0,30001,-1,-1,27,13.915329751468878,
2020-03-09T09:38:26.129050,2020-03-09T09:39:44.436130,78.30708,23,11 1 3 3 2 9 10 1 11 2 0 11 3 11 4 7 2 5 3 11 6 2 3,0,30001,-1,-1,23,13.46925205917559,
2020-03-09T09:39:47.508567,2020-03-09T09:40:32.920814,45.412247,23,1 11 0 8 4 7 5 8 4 7 8 11 7 4 9 2 11 6 1 5 8 8 5,0,30001,-1,-1,20,11.52410147942832,
2020-03-09T09:40:34.541735,2020-03-09T09:41:37.200175,62.65844,23,10 0 11 2 5 3 4 2 2 11 8 6 1 2 7 9 9 6 11 9 2 6 1,0,30001,-1,-1,25,14.440742182537226,
2020-03-09T09:41:43.014139,2020-03-09T09:42:38.397005,55.382866,23,6 2 0 5 4 4 4 5 4 5 1 6 5 0 4 1 10 3 6 4 1 3 0,0,30001,-1,-1,22,13.268218613110639,
2020-03-09T09:42:40.627034,2020-03-09T09:43:42.432577,61.805543,23,4 4 11 4 6 9 2 2 6 4 5 10 11 9 7 2 9 2 4 0 5 10 0,0,30001,-1,-1,22,11.903691608018839,
2020-03-09T09:43:43.618262,2020-03-09T09:44:39.402811,55.784549,23,4 2 1 3 10 5 0 5 6 5 6 8 0 9 8 9 11 3 11 4 11 6 5,0,30001,-1,-1,22,12.320352962498768,
2020-03-09T09:44:41.018297,2020-03-09T09:46:29.096003,108.077706,23,10 3 0 7 11 0 11 1 6 10 9 0 5 9 9 10 8 0 5 8 1 2 7,0,30001,-1,-1,23,13.419235769271488,
2020-03-09T09:46:30.080095,2020-03-09T09:47:21.997149,51.917054,23,5 9 6 5 4 11 8 3 7 10 8 5 5 10 11 2 11 2 9 11 2 7 11,0,30001,-1,-1,21,10.832307233229026,
2020-03-09T09:47:23.344299,2020-03-09T09:48:16.705827,53.361528,24,0 7 10 2 5 2 7 6 11 2 10 5 8 3 2 7 10 7 10 2 1 5 6 10,0,30001,-1,-1,22,11.569428017868676,
2020-03-09T09:48:18.327860,2020-03-09T09:49:17.496934,59.169074,24,3 0 10 6 11 10 1 10 6 1 11 4 2 9 4 5 4 1 2 9 9 10 5 2,0,30001,-1,-1,20,11.907051270557032,
2020-03-09T09:49:18.880386,2020-03-09T09:50:04.532857,45.652471,24,4 11 8 10 3 11 9 6 2 1 1 8 8 5 5 3 8 6 5 5 9 10 8 0,0,30001,-1,-1,20,10.905005358991904,
2020-03-09T09:50:06.173618,2020-03-09T09:51:07.484285,61.310667,24,0 3 10 6 1 6 3 3 0 9 0 10 3 8 10 10 8 10 5 5 2 10 0 4,0,30001,-1,-1,23,14.811260945451979,
2020-03-09T09:51:17.070804,2020-03-09T09:54:34.708224,197.63742,24,4 5 10 7 5 8 5 5 6 3 0 10 11 10 10 7 11 4 5 1 2 5 4 2,0,30001,-1,-1,25,12.981731700543554,
2020-03-09T09:54:35.729920,2020-03-09T09:55:38.893225,63.163305,24,2 4 9 1 10 2 6 2 9 1 4 8 8 9 8 3 7 0 3 4 3 3 0 0,0,30001,-1,-1,21,12.0334633539272,
2020-03-09T09:55:39.855526,2020-03-09T09:56:56.115793,76.260267,24,1 6 3 10 3 2 1 2 0 7 6 7 6 7 2 5 9 4 9 8 1 8 8 8,0,30001,-1,-1,24,14.579360980185522,
2020-03-09T09:56:58.728610,2020-03-09T09:57:44.486225,45.757615,24,8 8 8 5 1 10 9 0 7 2 4 7 9 9 8 7 9 8 4 11 2 0 8 4,0,30001,-1,-1,21,11.802646570826063,
2020-03-09T09:57:46.883472,2020-03-09T09:58:41.398150,54.514678,24,10 3 10 9 2 1 0 0 2 7 11 9 2 9 1 5 6 9 2 4 7 4 1 9,0,30001,-1,-1,21,11.342452642384561,
2020-03-09T09:58:42.766373,2020-03-09T09:59:55.263967,72.497594,24,3 7 8 8 6 8 3 3 6 4 4 9 5 5 9 0 3 3 6 7 0 7 8 1,0,30001,-1,-1,22,13.474799603942722,
2020-03-09T09:59:58.016670,2020-03-09T10:00:52.933197,54.916527,24,4 0 0 3 2 10 11 4 8 7 5 4 1 8 3 10 9 0 5 0 4 11 2 0,0,30001,-1,-1,21,10.991742469430362,
2020-03-09T10:00:54.297130,2020-03-09T10:02:56.637731,122.340601,24,5 1 9 4 0 7 11 0 8 3 6 8 4 3 5 3 6 3 5 5 8 10 6 1,0,30001,-1,-1,28,13.611937745534593,
2020-03-09T10:02:57.714721,2020-03-09T10:04:00.431402,62.716681,24,6 11 4 2 1 1 4 1 11 3 6 7 9 8 6 7 2 9 8 1 10 2 0 10,0,30001,-1,-1,23,12.461327202053877,
2020-03-09T10:04:02.628756,2020-03-09T10:05:03.576398,60.947642,24,10 1 1 9 7 8 8 10 7 6 5 2 0 5 8 6 6 1 11 9 0 9 6 10,0,30001,-1,-1,24,12.93862567150963,
2020-03-09T10:05:05.797663,2020-03-09T10:06:10.641361,64.843698,24,5 8 4 0 3 6 9 5 4 0 7 7 11 1 3 1 11 10 10 6 1 10 6 9,0,30001,-1,-1,22,11.393715530448693,
2020-03-09T10:06:11.493312,2020-03-09T10:06:54.954979,43.461667,24,6 11 10 8 3 0 5 2 9 9 7 9 4 3 8 0 10 7 8 4 5 6 1 5,0,30001,-1,-1,21,11.215829960115483,
2020-03-09T10:06:56.661797,2020-03-09T10:07:48.000291,51.338494,24,6 9 0 1 10 1 0 11 9 1 10 7 6 4 5 7 11 6 7 8 9 9 4 0,0,30001,-1,-1,22,11.719036938715806,
2020-03-09T10:07:49.508411,2020-03-09T10:08:40.018783,50.510372,24,8 6 2 11 3 1 5 9 6 2 9 5 8 10 10 8 8 4 2 2 1 4 11 6,0,30001,-1,-1,24,13.02791633845657,
2020-03-09T10:08:44.276661,2020-03-09T10:09:53.500592,69.223931,24,3 8 5 4 2 4 0 9 10 5 0 3 10 11 1 1 0 9 8 8 4 5 0 0,0,30001,-1,-1,25,11.859855612802034,
2020-03-09T10:09:54.497958,2020-03-09T10:10:48.373329,53.875371,24,0 11 7 4 0 11 8 10 10 10 3 0 3 3 0 8 7 7 0 1 1 8 4 1,0,30001,-1,-1,23,13.565528613693681,
2020-03-09T10:10:53.091920,2020-03-09T10:11:48.462614,55.370694,25,6 11 11 9 8 11 11 9 5 5 8 0 8 5 8 3 8 9 1 8 3 1 1 4 5,0,30001,-1,-1,26,11.857190616398515,
2020-03-09T10:11:49.874266,2020-03-09T10:13:05.949719,76.075453,25,2 11 4 5 10 2 11 0 0 5 3 2 7 10 0 5 2 7 3 6 1 11 8 7 11,0,30001,-1,-1,21,12.212258577693982,
2020-03-09T10:13:07.291721,2020-03-09T10:13:57.750711,50.45899,25,7 5 9 5 5 1 5 1 0 11 6 2 5 1 2 11 7 9 8 10 2 1 6 11 6,0,30001,-1,-1,22,12.909688632843125,
2020-03-09T10:14:00.127057,2020-03-09T10:14:47.842882,47.715825,25,0 4 6 11 1 9 2 6 5 10 5 3 10 1 9 11 0 9 10 6 10 3 11 9 2,0,30001,-1,-1,21,12.650755799674013,
2020-03-09T10:14:49.551077,2020-03-09T10:15:42.551120,53.000043,25,6 11 1 2 2 11 3 8 10 11 4 0 7 10 3 6 2 9 6 5 9 4 7 8 0,0,30001,-1,-1,20,11.43044772600423,
2020-03-09T10:15:43.882144,2020-03-09T10:16:50.091296,66.209152,25,7 0 1 6 4 5 4 3 1 10 0 8 5 10 3 11 3 4 7 3 1 9 1 1 10,0,30001,-1,-1,24,13.367308980466953,
2020-03-09T10:16:52.012140,2020-03-09T10:17:42.798466,50.786326,25,6 3 2 0 0 9 2 1 1 9 11 9 10 3 2 3 4 4 5 9 10 8 8 3 6,0,30001,-1,-1,24,11.486415403847735,
2020-03-09T10:17:44.134393,2020-03-09T10:18:28.604257,44.469864,25,3 1 1 8 11 9 8 8 10 1 9 11 1 11 3 4 1 9 10 11 10 0 1 4 0,0,30001,-1,-1,21,11.75772207530712,
2020-03-09T10:18:31.190688,2020-03-09T10:19:28.429047,57.238359,25,7 6 1 8 11 1 6 1 9 5 9 11 10 5 10 1 10 2 1 3 8 5 7 3 2,0,30001,-1,-1,23,13.279328903013496,
2020-03-09T10:19:29.844531,2020-03-09T10:20:27.301407,57.456876,25,11 0 5 9 5 5 0 10 3 5 3 10 1 11 6 1 4 2 1 5 5 8 5 7 8,0,30001,-1,-1,20,12.183829706307234,
2020-03-09T10:20:28.978818,2020-03-09T10:21:25.394360,56.415542,25,3 4 5 8 0 7 11 6 3 2 4 9 10 5 9 0 4 7 5 9 10 1 4 9 10,0,30001,-1,-1,22,11.99611598248897,
2020-03-09T10:21:26.230488,2020-03-09T10:22:16.893951,50.663463,25,4 11 1 5 8 9 9 9 9 2 5 1 4 9 0 7 10 5 3 4 3 0 3 11 2,0,30001,-1,-1,22,12.215809187246633,
2020-03-09T10:22:19.116602,2020-03-09T10:23:19.924554,60.807952,25,6 10 2 10 7 2 6 10 1 11 4 0 4 4 7 6 2 10 10 9 1 5 1 6 4,0,30001,-1,-1,21,11.397747503676754,
2020-03-09T10:23:21.991389,2020-03-09T10:24:13.935294,51.943905,25,2 5 4 6 4 9 6 5 8 10 1 3 3 1 0 7 4 2 0 3 10 3 4 9 9,0,30001,-1,-1,22,11.751241891331611,
2020-03-09T10:24:15.456312,2020-03-09T10:25:22.474531,67.018219,25,9 7 8 8 5 3 2 1 3 5 9 6 3 4 1 6 9 8 4 8 3 0 1 6 8,0,30001,-1,-1,23,12.575060143993737,
2020-03-09T10:25:23.611238,2020-03-09T10:26:16.037286,52.426048,25,8 0 9 1 4 1 3 10 11 1 6 7 2 3 0 5 2 0 0 10 6 11 10 7 8,0,30001,-1,-1,21,11.670651105099894,
2020-03-09T10:26:17.496059,2020-03-09T10:27:45.334529,87.83847,25,1 5 10 6 6 8 3 3 11 2 7 8 7 10 1 5 8 4 0 2 11 10 7 4 2,0,30001,-1,-1,21,11.962357279739763,
2020-03-09T10:27:46.386411,2020-03-09T10:28:29.313820,42.927409,25,2 3 11 6 3 5 4 8 1 1 2 7 4 3 3 10 0 5 4 0 3 10 8 0 0,0,30001,-1,-1,25,10.834790171182798,
2020-03-09T10:28:30.538782,2020-03-09T10:29:13.488771,42.949989,25,3 2 10 5 7 5 7 8 0 3 3 0 5 3 0 10 11 2 2 4 0 10 2 7 11,0,30001,-1,-1,20,11.511253891812864,
2020-03-09T10:29:15.418951,2020-03-09T10:30:14.282241,58.86329,25,9 7 2 0 4 11 9 9 5 5 5 1 2 3 2 9 4 4 3 1 5 10 6 2 3,0,30001,-1,-1,23,13.275282909290373,
2020-03-09T10:30:16.010966,2020-03-09T10:31:05.510765,49.499799,26,3 10 9 10 8 0 5 0 10 6 9 6 8 5 9 10 10 11 7 2 10 2 5 9 2 10,0,30001,-1,-1,21,12.20640316761164,
2020-03-09T10:31:09.250875,2020-03-09T10:32:36.056099,86.805224,26,3 10 6 9 8 5 5 8 0 8 3 1 8 1 6 9 0 2 7 10 2 0 3 6 7 4,0,30001,-1,-1,21,12.242211508667044,
2020-03-09T10:32:37.139506,2020-03-09T10:33:28.327264,51.187758,26,2 11 11 1 11 6 3 8 1 4 6 4 5 7 0 2 2 0 3 5 1 2 11 10 7 2,0,30001,-1,-1,21,11.473464004122512,
2020-03-09T10:33:29.798450,2020-03-09T10:34:58.899324,89.100874,26,11 1 1 10 8 3 2 3 2 10 9 2 9 0 7 11 11 11 9 7 10 10 8 3 0 7,0,30001,-1,-1,25,13.446688505046101,
2020-03-09T10:35:00.788088,2020-03-09T10:35:47.128232,46.340144,26,11 4 6 6 5 2 1 1 5 2 2 11 9 2 6 1 6 7 10 11 6 10 10 9 2 4,0,30001,-1,-1,19,11.306459448154042,
2020-03-09T10:35:48.908272,2020-03-09T10:36:46.558398,57.650126,26,6 5 0 2 6 9 9 6 1 9 0 7 7 5 8 0 10 8 0 4 11 3 5 3 3 10,0,30001,-1,-1,26,13.461109308891976,
2020-03-09T10:36:48.674808,2020-03-09T10:37:36.312885,47.638077,26,7 5 7 11 11 11 10 5 2 11 7 4 2 1 5 4 1 6 2 7 8 6 4 11 9 6,0,30001,-1,-1,19,10.734952461248279,
2020-03-09T10:37:37.504336,2020-03-09T10:38:39.740824,62.236488,26,10 5 4 0 0 8 6 11 1 1 3 8 0 4 2 0 3 10 0 11 6 7 10 8 1 8,0,30001,-1,-1,24,12.725846651640014,
2020-03-09T10:38:42.827093,2020-03-09T10:39:30.086467,47.259374,26,7 0 11 9 0 8 10 9 7 9 8 11 2 0 9 11 4 1 0 2 3 2 11 1 10 3,0,30001,-1,-1,18,10.626275378989797,
2020-03-09T10:39:31.348137,2020-03-09T10:40:23.803644,52.455507,26,5 2 0 2 5 5 3 8 1 8 4 8 11 10 6 2 5 2 11 8 10 10 5 1 2 3,0,30001,-1,-1,20,11.290334707454475,
2020-03-09T10:40:25.348723,2020-03-09T10:41:22.278688,56.929965,26,11 3 5 1 9 5 2 4 8 5 9 8 4 2 2 1 6 8 5 0 1 11 7 0 11 3,0,30001,-1,-1,22,12.348126399086272,
2020-03-09T10:41:23.721683,2020-03-09T10:42:23.259597,59.537914,26,3 8 11 6 8 7 5 6 11 2 1 1 5 4 0 10 5 7 7 2 6 6 6 6 8 1,0,30001,-1,-1,20,12.317129455917899,
2020-03-09T10:42:25.483004,2020-03-09T10:43:18.041908,52.558904,26,5 5 10 10 2 7 5 2 6 3 8 7 4 6 11 7 8 0 10 8 5 8 5 1 4 0,0,30001,-1,-1,22,12.960681619994359,
2020-03-09T10:43:20.355589,2020-03-09T10:44:25.361967,65.006378,26,0 9 0 11 0 2 4 7 10 8 6 4 0 2 11 0 0 2 4 2 5 1 11 8 8 5,0,30001,-1,-1,24,12.634729790975687,
2020-03-09T10:44:27.314187,2020-03-09T10:45:47.300362,79.986175,26,3 7 4 3 4 2 5 5 2 4 1 11 11 2 9 8 7 3 10 9 11 9 0 3 11 7,0,30001,-1,-1,25,14.051603230650194,
2020-03-09T10:45:53.479294,2020-03-09T10:46:58.012897,64.533603,26,5 7 10 3 8 11 0 3 2 5 6 10 2 5 6 3 4 0 9 1 9 8 6 8 8 5,0,30001,-1,-1,23,11.796253773465116,
2020-03-09T10:46:59.229739,2020-03-09T10:48:09.660509,70.43077,26,2 3 11 9 9 1 6 1 9 0 7 2 1 10 8 3 11 3 8 9 2 1 5 0 7 3,0,30001,-1,-1,22,12.209922330677742,
2020-03-09T10:48:10.921707,2020-03-09T10:48:54.873076,43.951369,26,7 10 3 8 0 0 10 5 3 2 10 2 1 8 8 4 6 9 5 7 10 0 2 0 7 8,0,30001,-1,-1,20,11.113322934111999,
2020-03-09T10:48:56.010852,2020-03-09T10:49:44.899712,48.88886,26,8 10 11 8 9 0 4 4 11 2 5 4 5 9 11 9 10 8 5 2 5 5 2 4 6 8,0,30001,-1,-1,23,11.847320697455197,
2020-03-09T10:49:46.984872,2020-03-09T10:51:20.426956,93.442084,26,1 2 1 11 8 9 9 1 8 3 10 2 2 9 5 3 7 7 11 7 11 7 2 3 1 9,0,30001,-1,-1,24,14.025328844846472,
2020-03-09T10:51:21.908810,2020-03-09T10:52:21.212596,59.303786,27,9 7 4 8 1 9 11 6 4 8 9 7 8 4 8 1 6 5 0 1 4 1 1 0 4 1 0,0,30001,-1,-1,21,12.106891200307128,
2020-03-09T10:52:22.673268,2020-03-09T10:53:33.624907,70.951639,27,10 1 3 5 1 4 4 3 8 1 6 10 11 4 1 4 1 8 9 1 11 10 8 0 4 9 8,0,30001,-1,-1,22,12.091962091962092,
2020-03-09T10:53:35.963792,2020-03-09T10:54:46.782168,70.818376,27,11 6 7 2 10 5 7 2 4 6 8 7 9 11 6 3 10 11 0 7 5 5 4 11 6 8 10,0,30001,-1,-1,24,14.973052894584486,
2020-03-09T10:54:55.980400,2020-03-09T10:55:36.923367,40.942967,27,5 4 2 4 2 7 6 2 3 10 10 1 11 6 7 10 1 0 10 11 4 5 3 7 0 1 3,0,30001,-1,-1,21,11.387842245178405,
2020-03-09T10:55:39.068005,2020-03-09T10:56:29.498430,50.430425,27,2 2 10 9 1 5 1 9 9 9 4 7 8 4 1 2 10 7 4 7 7 8 1 3 3 8 1,0,30001,-1,-1,21,11.934608208089266,
2020-03-09T10:56:31.006904,2020-03-09T10:57:27.196264,56.18936,27,1 3 11 1 11 9 0 1 4 6 8 7 3 1 0 2 1 8 6 6 9 5 0 3 7 4 4,0,30001,-1,-1,21,12.104569182210078,
2020-03-09T10:57:28.803883,2020-03-09T10:58:14.875041,46.071158,27,1 5 8 7 0 4 7 0 3 5 7 5 5 8 8 6 2 1 4 9 0 3 6 9 0 9 0,0,30001,-1,-1,22,12.092231602954689,
2020-03-09T10:58:17.417082,2020-03-09T10:59:29.522296,72.105214,27,10 1 8 10 5 9 7 5 10 11 0 3 5 2 2 3 1 0 10 1 4 7 10 11 6 3 2,0,30001,-1,-1,21,11.784803417705255,
2020-03-09T10:59:30.470898,2020-03-09T11:00:17.382022,46.911124,27,6 5 9 5 8 0 5 4 7 4 7 5 0 0 2 6 9 6 9 11 8 10 0 8 0 7 8,0,30001,-1,-1,19,11.954261575164491,
2020-03-09T11:00:19.006256,2020-03-09T11:01:32.606637,73.600381,27,10 2 1 1 5 8 4 7 0 9 7 8 9 10 8 8 11 11 6 5 7 3 6 1 11 3 11,0,30001,-1,-1,21,12.219891049902644,
2020-03-09T11:01:33.730814,2020-03-09T11:02:35.187662,61.456848,27,7 8 4 6 6 11 7 6 8 7 6 7 6 1 5 5 4 2 6 6 9 11 9 5 3 6 3,0,30001,-1,-1,27,12.695330076278971,
2020-03-09T11:02:36.257232,2020-03-09T11:03:34.048661,57.791429,27,9 8 10 7 9 7 0 4 3 5 3 7 4 0 5 1 10 2 9 10 9 0 0 7 11 1 9,0,30001,-1,-1,22,11.875189093797568,
2020-03-09T11:03:35.280488,2020-03-09T11:04:28.132985,52.852497,27,1 11 3 3 4 3 7 10 10 6 2 11 11 11 10 3 11 8 5 3 8 7 6 7 6 9 1,0,30001,-1,-1,25,13.046655621753628,
2020-03-09T11:04:30.100751,2020-03-09T11:05:29.013007,58.912256,27,11 0 10 2 7 10 3 6 8 11 11 2 6 9 0 7 10 0 0 10 6 8 0 8 5 2 7,0,30001,-1,-1,20,11.700024674469363,
2020-03-09T11:05:30.085489,2020-03-09T11:06:20.583428,50.497939,27,0 4 6 8 9 8 9 7 8 5 2 1 0 11 9 9 9 5 8 0 3 7 11 1 9 11 3,0,30001,-1,-1,23,12.205948306680034,
2020-03-09T11:06:22.012227,2020-03-09T11:07:20.677384,58.665157,27,7 11 10 1 5 3 5 8 8 9 1 0 2 11 1 2 10 11 3 5 3 1 11 9 1 3 7,0,30001,-1,-1,20,11.498986963075916,
2020-03-09T11:07:21.693631,2020-03-09T11:08:26.732540,65.038909,27,3 3 2 11 7 8 0 7 2 6 4 7 6 2 7 9 10 7 2 6 9 9 4 4 6 7 11,0,30001,-1,-1,25,13.083120434373772,
2020-03-09T11:08:29.535852,2020-03-09T11:09:39.664384,70.128532,27,8 6 4 9 4 9 11 4 8 4 1 9 8 10 10 7 9 11 8 3 10 11 2 6 9 9 11,0,30001,-1,-1,21,12.39157930005552,
2020-03-09T11:09:40.783956,2020-03-09T11:10:43.156510,62.372554,27,9 6 5 2 0 3 5 8 4 8 7 3 6 8 0 7 10 0 3 0 1 3 2 5 5 0 1,0,30001,-1,-1,24,12.796535660551658,
2020-03-09T11:10:44.317286,2020-03-09T11:11:42.694343,58.377057,27,10 10 6 4 6 8 1 3 11 10 6 7 7 10 0 10 8 0 10 7 3 2 7 9 11 0 11,0,30001,-1,-1,24,12.836964326427626,
2020-03-09T11:11:44.279329,2020-03-09T11:12:46.613950,62.334621,28,0 2 11 8 5 1 3 2 10 1 8 7 9 5 4 2 11 7 10 3 6 4 6 1 10 9 7 10,0,30001,-1,-1,22,10.637774459927444,
2020-03-09T11:12:47.819370,2020-03-09T11:13:38.489348,50.669978,28,8 4 1 1 9 8 7 2 7 4 1 3 4 6 10 9 4 0 11 11 7 8 7 6 3 6 7 8,0,30001,-1,-1,19,12.53171822458081,
2020-03-09T11:13:43.624164,2020-03-09T11:14:44.675300,61.051136,28,10 8 11 10 3 8 11 10 10 0 8 6 9 2 1 11 2 1 9 0 10 8 3 5 4 4 6 7,0,30001,-1,-1,25,12.2806016786607,
2020-03-09T11:14:45.774729,2020-03-09T11:16:34.688276,108.913547,28,4 9 5 0 11 0 9 11 7 5 0 2 0 9 9 5 6 4 11 7 10 5 7 9 0 1 5 1,0,30001,-1,-1,21,11.75408602621819,
2020-03-09T11:16:35.641741,2020-03-09T11:17:38.290906,62.649165,28,6 7 2 11 7 2 0 4 11 8 11 10 6 7 5 0 3 1 5 8 7 9 10 2 10 9 2 10,0,30001,-1,-1,22,13.524400034452851,
2020-03-09T11:17:40.317030,2020-03-09T11:19:27.062168,106.745138,28,6 6 3 6 7 9 5 8 1 2 10 10 7 5 7 9 9 6 1 1 9 8 6 8 10 1 4 0,0,30001,-1,-1,23,13.837248272237812,
2020-03-09T11:19:32.675909,2020-03-09T11:20:20.444569,47.76866,28,0 5 5 8 0 2 10 5 0 1 2 0 0 4 3 5 1 3 0 11 1 4 4 8 7 0 4 6,0,30001,-1,-1,22,11.84969465986658,
2020-03-09T11:20:21.509134,2020-03-09T11:21:08.378970,46.869836,28,0 8 7 2 11 11 10 8 9 5 3 7 9 0 11 7 4 11 7 2 3 4 6 3 11 2 4 7,0,30001,-1,-1,21,11.515981659913,
2020-03-09T11:21:10.122664,2020-03-09T11:21:58.604462,48.481798,28,7 8 7 6 4 4 4 7 2 9 9 6 1 4 2 9 0 11 9 6 3 10 7 5 2 2 0 11,0,30001,-1,-1,24,13.734666449761633,
2020-03-09T11:22:04.454395,2020-03-09T11:22:50.922973,46.468578,28,6 7 4 8 9 0 0 2 1 2 5 1 5 1 9 10 2 2 2 2 9 6 8 0 2 10 10 5,0,30001,-1,-1,18,11.081196666585791,
2020-03-09T11:22:52.243926,2020-03-09T11:24:05.911671,73.667745,28,2 4 2 10 10 7 0 5 5 5 1 11 10 11 11 0 4 9 7 11 3 10 6 3 7 8 11 2,0,30001,-1,-1,27,12.117622987685763,
2020-03-09T11:24:07.795116,2020-03-09T11:25:50.439174,102.644058,28,7 5 7 6 9 6 2 3 5 4 0 3 8 6 11 8 0 10 6 3 8 8 1 2 4 4 7 0,0,30001,-1,-1,24,13.8276746489462,
2020-03-09T11:25:51.491598,2020-03-09T11:26:38.210917,46.719319,28,7 5 7 5 2 6 5 5 4 1 1 3 3 11 1 10 0 7 4 8 5 2 10 3 5 9 4 9,0,30001,-1,-1,24,11.878299148488177,
2020-03-09T11:26:39.698613,2020-03-09T11:27:26.244623,46.54601,28,4 4 6 7 3 10 5 9 10 1 6 9 6 4 8 5 10 5 5 5 8 8 3 7 2 0 9 4,0,30001,-1,-1,20,11.575862777490117,
2020-03-09T11:27:27.325936,2020-03-09T11:28:23.471465,56.145529,28,2 2 3 6 7 11 9 5 4 4 4 2 4 3 8 5 6 11 1 8 9 1 4 2 9 11 2 6,0,30001,-1,-1,19,11.23028411082127,
2020-03-09T11:28:24.579610,2020-03-09T11:29:36.876381,72.296771,28,11 7 11 3 4 8 11 7 4 5 9 9 2 10 5 9 7 3 8 10 8 11 3 3 7 8 0 4,0,30001,-1,-1,23,12.857880626499224,
2020-03-09T11:29:37.909831,2020-03-09T11:30:26.458110,48.548279,28,2 10 5 7 5 9 0 3 7 9 6 5 1 4 7 8 7 7 3 4 2 0 3 10 7 9 11 2,0,30001,-1,-1,20,10.701401973682938,
2020-03-09T11:30:27.994369,2020-03-09T11:31:29.265240,61.270871,28,2 0 7 11 1 5 1 8 9 5 1 3 8 0 8 6 8 3 5 5 3 6 2 4 11 2 11 0,0,30001,-1,-1,21,13.03645245273209,
2020-03-09T11:31:30.884253,2020-03-09T11:32:50.682655,79.798402,28,11 7 10 7 10 1 3 7 4 4 9 0 1 2 10 2 3 3 11 4 0 9 11 11 4 8 9 1,0,30001,-1,-1,22,12.841415948782775,
2020-03-09T11:32:52.488265,2020-03-09T11:33:43.218599,50.730334,28,5 2 7 4 7 11 9 11 0 1 5 1 2 2 5 4 5 2 6 7 5 4 7 7 9 2 1 6,0,30001,-1,-1,23,13.168483041588676,
2020-03-09T11:33:46.763201,2020-03-09T11:35:14.690788,87.927587,29,5 10 0 10 1 11 0 9 0 9 10 10 0 8 7 10 7 2 3 6 8 9 8 5 7 5 0 11 0,0,30001,-1,-1,22,12.098938909316262,
2020-03-09T11:35:16.413903,2020-03-09T11:36:00.685300,44.271397,29,4 11 3 7 11 10 10 1 4 3 5 3 7 8 7 7 10 3 10 3 10 5 10 0 0 10 9 7 11,0,30001,-1,-1,19,11.320650923898924,
2020-03-09T11:36:02.780216,2020-03-09T11:36:49.783420,47.003204,29,3 11 11 7 3 7 6 3 3 3 7 2 6 2 1 9 11 3 8 1 6 2 2 10 3 4 5 0 8,0,30001,-1,-1,20,10.140776805293907,
2020-03-09T11:36:50.501367,2020-03-09T11:37:32.349990,41.848623,29,4 0 7 2 4 5 8 4 11 2 9 2 9 8 6 6 2 11 2 7 7 0 8 7 5 3 2 4 0,0,30001,-1,-1,19,12.243627602205093,
2020-03-09T11:37:34.780486,2020-03-09T11:38:33.664246,58.88376,29,10 5 10 1 9 7 4 11 2 3 3 7 8 10 0 8 3 8 0 7 2 4 7 9 4 6 9 5 8,0,30001,-1,-1,22,12.714735441554957,
2020-03-09T11:38:34.798704,2020-03-09T11:39:26.513960,51.715256,29,1 3 7 2 4 5 1 10 3 6 9 0 11 9 5 7 4 9 9 7 8 1 0 9 4 9 9 0 9,0,30001,-1,-1,21,12.653015996208861,
2020-03-09T11:39:29.090246,2020-03-09T11:40:29.871484,60.781238,29,5 9 1 8 9 6 8 0 1 11 10 1 3 6 8 6 8 5 6 1 10 11 3 3 10 10 0 9 7,0,30001,-1,-1,22,11.909377980949571,
2020-03-09T11:40:30.683401,2020-03-09T11:41:23.882854,53.199453,29,9 9 11 9 9 4 8 4 6 4 5 1 3 1 11 6 11 9 5 0 4 1 11 4 11 7 10 0 11,0,30001,-1,-1,22,12.589529891826848,
2020-03-09T11:41:26.425919,2020-03-09T11:42:57.105327,90.679408,29,1 6 10 7 7 2 7 9 10 2 1 3 11 6 8 11 6 5 9 5 10 11 9 8 6 5 10 2 9,0,30001,-1,-1,21,12.67651986431556,
2020-03-09T11:42:59.321007,2020-03-09T11:43:51.138844,51.817837,29,5 8 6 8 4 8 7 11 3 7 11 4 6 4 2 1 4 3 8 10 0 3 0 2 11 4 6 10 3,0,30001,-1,-1,20,11.935490346047226,
